"","baseMean","log2FoldChange","lfcSE","stat","pvalue","padj"
"gene_1",203.254369100002,-0.639488602440608,0.913572072819263,-0.699987030543918,0.483935404010263,0.990283420973561
"gene_2",537.887168944887,-0.386004421748967,0.82904505404005,-0.465601259989327,0.641500940919843,0.990283420973561
"gene_3",239.908475426578,-0.143062280690104,1.02438734401502,-0.139656431257126,0.888931451771327,0.990283420973561
"gene_4",629.27661955024,-0.633145944432932,0.403412696956649,-1.56947450888233,0.116537414626346,0.814442135298758
"gene_5",541.323212830619,-1.42045211244205,0.678421953040519,-2.0937590625951,0.0362814486070469,0.585184654952369
"gene_6",391.460188806573,1.25833330676052,1.11990998876989,1.12360218176344,0.26118183013646,0.953218358162262
"gene_7",541.937863669203,-0.169351019180963,0.614072421426682,-0.275783463434992,0.78271438561823,0.990283420973561
"gene_8",380.630260827922,-1.14663268672315,1.15818951162726,-0.990021646036258,0.322163538970232,0.980297576089689
"gene_9",323.531744330074,0.452604273683077,1.58661203007176,0.285264617376314,0.775441418350811,0.990283420973561
"gene_10",424.334675592037,0.195788388776334,0.919016706858048,0.213041163795268,0.831294855528296,0.990283420973561
"gene_11",709.312972206855,0.340297969017912,0.341392075633658,0.99679516106601,0.318863947535825,0.980297576089689
"gene_12",376.529106944241,0.19778457485548,0.929408378495037,0.212806963474707,0.831477532084505,0.990283420973561
"gene_13",459.054502044229,0.494587953592524,0.859678701958567,0.575317211495093,0.565076783282338,0.990283420973561
"gene_14",381.068741394108,-0.732859554703447,1.17398759949912,-0.624248122395943,0.532464647782072,0.990283420973561
"gene_15",285.554785583212,3.23851958541775,1.20734147554599,2.68235594569731,0.00731056293383181,0.348122044468181
"gene_16",418.07158720795,-2.90333588647962,1.00143752986207,-2.89916824555148,0.00374154064222884,0.317697524382161
"gene_17",523.573380932282,0.962326179611122,0.668751105155356,1.43899004008011,0.150153344691358,0.852372462597692
"gene_18",294.53091908947,-0.06433410771182,1.24685357909454,-0.0515971632840313,0.958849679702452,0.990283420973561
"gene_19",422.009241359253,0.487579485717954,0.873293700372746,0.558322458423599,0.57662421177054,0.990283420973561
"gene_20",306.154744667367,-3.01131651151006,1.36561209397759,-2.20510386865355,0.0274468066811681,0.571808472524335
"gene_21",603.017893180516,0.0333863560370674,0.60487239231134,0.0551957015420911,0.955982553389651,0.990283420973561
"gene_22",577.789266401054,-0.385234476001347,0.545576473790425,-0.706105366539924,0.480122614625007,0.990283420973561
"gene_23",501.811014020622,-0.223316141451585,1.02097565916355,-0.218728173827905,0.826861800806312,0.990283420973561
"gene_24",420.308425944713,-1.42500848170622,0.89087430817114,-1.59956176604935,0.109695836038727,0.814442135298758
"gene_25",513.516236240474,-0.761874075024903,0.866449037311409,-0.879306274479799,0.3792352347582,0.980297576089689
"gene_26",461.223079909168,0.0498503742121839,0.88111481041935,0.056576479730784,0.954882570983041,0.990283420973561
"gene_27",583.348110850432,0.433255859068092,0.50813339609443,0.852641968424324,0.393857881417845,0.980297576089689
"gene_28",561.668783403817,0.511574567549705,0.57970926842054,0.882467463291603,0.37752406726981,0.980297576089689
"gene_29",296.886023618443,0.492417010952804,0.914909105400854,0.538214133017136,0.590429223991979,0.990283420973561
"gene_30",517.57665692496,1.22816820616321,0.762817351938329,1.61004230310496,0.107388621439693,0.814442135298758
"gene_31",539.863122227666,0.0677227877803058,0.753133597916127,0.0899213472452836,0.92834971722238,0.990283420973561
"gene_32",535.579906293014,-0.555113192007651,0.623628599082029,-0.890134276755057,0.373393789833987,0.980297576089689
"gene_33",463.905331215841,-0.237505495252729,0.751307858954219,-0.316122735070713,0.751909350840277,0.990283420973561
"gene_34",298.647406826685,-1.11989705096509,1.10645533036406,-1.01214845302125,0.311467078255776,0.980297576089689
"gene_35",326.011448653402,0.366713231850826,1.39563563350987,0.26275714308654,0.792737769932193,0.990283420973561
"gene_36",482.56526583853,0.183662355351907,0.702691201420962,0.261369937435548,0.793807237927112,0.990283420973561
"gene_37",431.724143206861,0.205145180476709,0.965945168269775,0.212377666161082,0.831812408184116,0.990283420973561
"gene_38",397.103765854991,0.403667353140941,1.1712158847651,0.344656658428006,0.730352505328705,0.990283420973561
"gene_39",452.608850432139,0.811923041124513,0.831264191814053,0.976732847535111,0.32870142883261,0.980297576089689
"gene_40",503.936082261376,1.2432420852921,0.677647816804217,1.83464338622859,0.0665585457436334,0.731412590589378
"gene_41",426.46430777029,-0.0214095263878793,0.989931413287279,-0.0216272825576717,0.982745270284943,0.994681447656825
"gene_42",295.190956665431,-2.46134123480244,1.10957405435769,-2.21827576549386,0.0265360355224497,0.571808472524335
"gene_43",370.365007888869,-0.103435512167832,0.866142046490215,-0.119420957090092,0.904941858746597,0.990283420973561
"gene_44",387.563313229587,-0.0355136362398028,1.07212907661941,-0.0331244035949317,0.973575382170931,0.991916096182403
"gene_45",347.756562516836,1.57978209176784,1.00200415849976,1.57662229080281,0.114882460583557,0.814442135298758
"gene_46",400.197886787086,2.88114018789696,0.871747980545927,3.30501504126532,0.000949713030476673,0.140361522106664
"gene_47",396.973798118398,0.91142032234561,0.909461746714627,1.00215355471306,0.316269435684945,0.980297576089689
"gene_48",285.609198598174,0.761559789791072,1.38091305678818,0.55149003483417,0.581297796032862,0.990283420973561
"gene_49",366.987071346383,-1.08938709169852,1.18856639041122,-0.916555524779411,0.359375599063298,0.980297576089689
"gene_50",685.076407263069,-0.554814120693164,0.33740522169876,-1.64435546640268,0.100102798320949,0.804482951375833
"gene_51",420.074006942645,0.611858749152521,1.14135949938607,0.536078903694794,0.591904019546313,0.990283420973561
"gene_52",337.922763609834,-2.2585830792304,0.94491684557476,-2.39024533196525,0.0168371215655685,0.467697821265791
"gene_53",780.751742825748,0.132911569107942,0.14635051121395,0.908172906301902,0.363786876249616,0.980297576089689
"gene_54",193.456007336898,-1.61348818287725,1.11644131971237,-1.44520643798183,0.14839990859973,0.852372462597692
"gene_55",466.683888222285,-0.157054600959713,1.01678292588706,-0.1544622720948,0.877245256676969,0.990283420973561
"gene_56",314.658814309591,0.965548877090794,1.11014883364256,0.869747233731434,0.384438553345718,0.980297576089689
"gene_57",408.353001028593,0.440101656412942,1.00835393212476,0.436455536485663,0.662506252552197,0.990283420973561
"gene_58",545.101795499164,0.562413388244998,0.694582997826895,0.809713727523696,0.418104726429794,0.987471577477955
"gene_59",585.806004505215,0.314456005037797,0.635076915667036,0.495146331539254,0.620496831105469,0.990283420973561
"gene_60",598.280229551966,0.576944061067865,0.54202583497475,1.0644217006644,0.287137707452918,0.980297576089689
"gene_61",537.664365778286,-0.40995079789296,0.863158739159939,-0.474942532924988,0.634827934347076,0.990283420973561
"gene_62",276.287345436308,1.86754735597992,1.12563842709388,1.6591005699774,0.0970955284527078,0.789394540265917
"gene_63",429.805438867682,0.863292637369252,0.786478955622506,1.09766781577257,0.272349568315264,0.965778611047037
"gene_64",332.745495708364,0.421606878872016,1.29229915207908,0.32624557417199,0.74423856278166,0.990283420973561
"gene_65",340.476110498035,-0.462648737389455,1.20443967615869,-0.384119476091136,0.700889896912298,0.990283420973561
"gene_66",427.370995592574,-0.576035782990717,1.3306549286921,-0.432896441120842,0.665090005604158,0.990283420973561
"gene_67",452.009591996092,-0.9794334278628,0.756028940395195,-1.29549726939134,0.195148742723721,0.91441991379899
"gene_68",471.213324334027,0.31975347392062,0.990310700779088,0.322881973979547,0.746784628443692,0.990283420973561
"gene_69",711.34519434269,-0.275617662635635,0.261605462083958,-1.0535623394101,0.292083339099548,0.980297576089689
"gene_70",517.6050056245,0.428687852564742,0.678951707889956,0.631396677529565,0.527781187882806,0.990283420973561
"gene_71",547.506499464679,-0.712887289857014,0.813131096715417,-0.876718763722935,0.380639412518404,0.980297576089689
"gene_72",697.474834994956,0.191355398156048,0.285802531759913,0.669537099541145,0.503152923079769,0.990283420973561
"gene_73",573.769050048196,-0.641923107598729,0.544955349089814,-1.17793707075427,0.238821694858667,0.952331951091935
"gene_74",334.712695354358,-0.156603816542711,1.57676236295079,-0.0993198596202154,0.920884310680186,0.990283420973561
"gene_75",512.43060830006,0.115828514866356,0.626252071966761,0.184955100431993,0.853264252557514,0.990283420973561
"gene_76",539.048320231601,0.912788470865965,0.685872034150179,1.33084369301767,0.183240447742031,0.897540955689749
"gene_77",383.119115644866,0.737068516250792,0.863499567755192,0.853582959128656,0.393336103808992,0.980297576089689
"gene_78",366.411285877913,0.657647749734239,1.24419452759592,0.528573092991311,0.597101629844576,0.990283420973561
"gene_79",545.324232558132,1.14259446783883,0.577056301527889,1.98003984154328,0.047699052013435,0.673842017538735
"gene_80",261.917959773861,0.626922585080624,1.26949142422143,0.493837589698654,0.621420883682478,0.990283420973561
"gene_81",359.128255391608,0.642663566940734,1.06545573835178,0.60318185336813,0.546387718313217,0.990283420973561
"gene_82",358.607206796939,-0.0998189106904219,1.17831450655295,-0.0847133003415467,0.932489321835745,0.990283420973561
"gene_83",452.283167643023,0.833139966318275,0.749382028473665,1.11176934415575,0.266237335818845,0.953570963197974
"gene_84",340.503132468564,-1.81000801473273,0.965545360211022,-1.87459656409839,0.0608482462326429,0.707537746891196
"gene_85",392.141693298723,0.0901911932239793,1.06994407941547,0.0842952402458754,0.932821696668379,0.990283420973561
"gene_86",357.461674433932,0.368482167069003,0.946482807349404,0.389317338051735,0.69704141213536,0.990283420973561
"gene_87",526.405961033039,0.222281447157205,0.917353866613753,0.24230720035848,0.808542134916592,0.990283420973561
"gene_88",505.950693775311,0.568562188526844,1.12042599834097,0.507451799019945,0.611837848606154,0.990283420973561
"gene_89",642.709632893881,-0.46921966389271,0.378457504362258,-1.23982127051067,0.215041508966456,0.940208607710065
"gene_90",231.24099233997,-0.737480932287673,1.08638660386034,-0.678838389268727,0.49724026674631,0.990283420973561
"gene_91",441.592533580842,0.190631456042293,1.10682857170253,0.172232142281132,0.863255029552121,0.990283420973561
"gene_92",385.085312744306,0.465383744964175,1.12995585750689,0.411860111058663,0.680441959264432,0.990283420973561
"gene_93",223.912896311583,0.271912996838873,1.12399499588632,0.241916554641293,0.808844822324476,0.990283420973561
"gene_94",218.844401920614,-1.94078489357913,1.21498106213796,-1.59737871976704,0.110181313059226,0.814442135298758
"gene_95",457.473492207586,-0.0568084526538786,0.845628719329576,-0.0671789537835435,0.946439239716025,0.990283420973561
"gene_96",502.086965894749,0.499020668947391,0.795938250278998,0.62695902448773,0.530686094981656,0.990283420973561
"gene_97",614.260896007988,-0.806798696898133,1.53138624680086,-0.526842067821605,0.598303266766323,0.990283420973561
"gene_98",260.90802550846,-0.625486815809873,1.27220120827806,-0.491657146479588,0.622961737485919,0.990283420973561
"gene_99",378.514433175763,0.346965737453869,0.880247758910926,0.394168271309373,0.693456809182689,0.990283420973561
"gene_100",210.972453625738,-1.54786659742025,1.03495734283389,-1.49558492254563,0.134761854622697,0.852372462597692
"gene_101",551.488605176338,-0.344056254827392,0.575991154458398,-0.597329059941739,0.550287706342659,0.990283420973561
"gene_102",520.734074493846,0.299122405318707,0.748864363357345,0.399434690653013,0.6895729369417,0.990283420973561
"gene_103",296.974952276059,-0.143526899315317,0.996420556083804,-0.144042491334599,0.88546691625151,0.990283420973561
"gene_104",737.67844476503,-0.0430249506503054,0.241389827664495,-0.178238457960645,0.858535708171249,0.990283420973561
"gene_105",478.484811793753,-0.712408605449571,0.880523848433276,-0.80907360625969,0.418472808975087,0.987471577477955
"gene_106",582.725439306598,-0.21424978049926,0.554998300629844,-0.386036822556244,0.699469398070369,0.990283420973561
"gene_107",548.148034213083,-0.637122995425721,0.774569031278133,-0.822551599273716,0.410763032291264,0.987471577477955
"gene_108",412.558325429898,-2.24180369752791,0.851609991394828,-2.63243000925355,0.0084776488391639,0.35021204510868
"gene_109",666.853348714082,0.292892619542457,0.427920174812384,0.684456206512984,0.493687134200152,0.990283420973561
"gene_110",414.136462111065,0.409022550311699,1.04687516395824,0.390708046568976,0.696013050417406,0.990283420973561
"gene_111",401.270254434387,-0.315479080612945,1.2772720382552,-0.246994431228528,0.804912533821245,0.990283420973561
"gene_112",345.366369308126,-1.35678116186997,0.981056426728409,-1.38297973990601,0.166671078193135,0.86807853225591
"gene_113",307.390659339869,0.659801497693813,1.19219252286991,0.55343535967287,0.579965331849811,0.990283420973561
"gene_114",548.636400575839,-0.22258957058795,0.65654835427308,-0.33902997264291,0.734587150985769,0.990283420973561
"gene_115",368.015375296312,-0.655575958266556,1.04409510877892,-0.627889119252039,0.530076579334579,0.990283420973561
"gene_116",343.116172644469,1.5934330899147,1.04425742699975,1.52590065314909,0.127034608016946,0.830291555666316
"gene_117",412.604991170234,-0.109943042136969,0.999440199258201,-0.110004622806417,0.912405708698281,0.990283420973561
"gene_118",623.413107340886,-1.01163783906465,1.80578845916637,-0.560219461991503,0.575329753721495,0.990283420973561
"gene_119",493.227293447623,0.704002625031256,0.714634265101773,0.985122963465791,0.32456367496419,0.980297576089689
"gene_120",519.88984046963,0.510350085467767,0.63456551866542,0.804251208828845,0.421251909673858,0.987471577477955
"gene_121",444.267716959955,0.451189210545211,0.973726539578645,0.463363369699722,0.643103930158518,0.990283420973561
"gene_122",331.487672512729,0.94154716328942,0.952418028484708,0.988586035889531,0.322865721109374,0.980297576089689
"gene_123",464.733752471309,0.0793963576196795,0.867737525736918,0.0914981261784811,0.927096795085362,0.990283420973561
"gene_124",362.671694315984,1.05598960198789,1.01496215369599,1.04042263856094,0.298143588471309,0.980297576089689
"gene_125",412.490133451805,1.41967794995862,0.913536574080396,1.55404609978284,0.120173420722233,0.814442135298758
"gene_126",425.595020597327,-0.236796772193955,1.4219894845839,-0.16652498120494,0.867743825469874,0.990283420973561
"gene_127",575.246482774134,0.494811022379966,0.769048369852845,0.643406893216153,0.519960111766862,0.990283420973561
"gene_128",350.618988289997,0.49832076007262,1.07769686499749,0.462394181757018,0.643798670929432,0.990283420973561
"gene_129",217.470028430266,1.46867510327188,0.923894675748772,1.58965642061048,0.111912271880199,0.814442135298758
"gene_130",686.014121238022,0.566770912210158,0.289851950333582,1.95538070921337,0.0505381513154051,0.673842017538735
"gene_131",318.79577768829,-2.02051195228474,0.914716524150761,-2.20889412067922,0.027182006243589,0.571808472524335
"gene_132",605.552381270767,-0.723110597628424,0.500245287292983,-1.44551206377465,0.148314106933703,0.852372462597692
"gene_133",508.637026669657,-0.559760313494555,0.844371774854005,-0.662931104715502,0.507374679439327,0.990283420973561
"gene_134",366.93354405873,-1.85621924665176,0.884406662838379,-2.09883001185731,0.0358318882139037,0.585184654952369
"gene_135",548.986569885401,0.00635282294492727,0.575671258228403,0.0110355048200213,0.991195119796994,0.996253317173007
"gene_136",469.247048548217,-0.977127434139892,0.835059816532932,-1.17012867197563,0.241949191651573,0.952331951091935
"gene_137",455.484315663088,-0.481843438791453,0.790878604447622,-0.609250820646476,0.542358199336281,0.990283420973561
"gene_138",465.864969840857,-0.0509494158241398,0.90177975060643,-0.056498735738829,0.954944502652436,0.990283420973561
"gene_139",656.665660022024,-0.0434180583469983,0.454753825658337,-0.0954759606126302,0.92393678367215,0.990283420973561
"gene_140",410.572671651759,0.732333524264717,0.845357075710708,0.866300815722197,0.386325219071943,0.980297576089689
"gene_141",599.769346757746,0.467784024906685,0.584974058944489,0.799666271955276,0.423904179367833,0.987471577477955
"gene_142",290.704659388678,-0.695534351875685,0.942735810903841,-0.737782890849184,0.460646391730216,0.990283420973561
"gene_143",148.534118150568,2.79655060505895,1.12682032256682,2.48180703618178,0.0130718041013168,0.435726803377227
"gene_144",328.047470154543,-1.69038829682699,1.20090443125149,-1.40759601916481,0.159250726892267,0.852372462597692
"gene_145",316.226309549885,-1.50945442778365,1.04047046534785,-1.45074221523338,0.146851655592,0.852372462597692
"gene_146",188.807734788314,-1.5373049890266,0.938443895705678,-1.6381426700747,0.101391935586516,0.804697901480289
"gene_147",309.296818058371,-0.68190411854309,0.979241802533137,-0.696359282027296,0.486203856101372,0.990283420973561
"gene_148",437.734794599789,0.861132009547581,1.05538953429194,0.815937605564108,0.414535822560505,0.987471577477955
"gene_149",277.801813715442,0.256120475621678,1.20248436084418,0.212992770601918,0.831332601535613,0.990283420973561
"gene_150",454.398509396241,0.445685124742678,0.934569604959686,0.476888101621819,0.633441805091791,0.990283420973561
"gene_151",629.461947564114,-0.686781353233008,0.501874060174145,-1.36843365244799,0.171176376535322,0.877827571976009
"gene_152",632.055159883657,0.690736857807454,0.403113186518844,1.71350598518603,0.0866194932057321,0.746955282776615
"gene_153",526.520214206439,0.138036545011917,0.645259943033424,0.213923933295774,0.830606376166375,0.990283420973561
"gene_154",343.824263268744,-1.55339928592019,1.01307279528209,-1.53335406217047,0.125188640874947,0.823609479440443
"gene_155",346.278714620851,0.54264347961986,1.04720769849338,0.518181331554916,0.60433175863849,0.990283420973561
"gene_156",264.098633244726,-0.812635029548525,0.963842093056411,-0.843120502209653,0.399161053470424,0.980297576089689
"gene_157",344.677167701817,0.530333240806728,1.12864975580846,0.469882918130653,0.638438669084218,0.990283420973561
"gene_158",436.465004222595,-0.2353144119415,1.11692358913264,-0.210680850714449,0.833136318140974,0.990283420973561
"gene_159",326.900889492497,-0.85521027621649,0.90432427197423,-0.945689840160411,0.344306806013069,0.980297576089689
"gene_160",327.552503634147,1.2977146955668,0.918683801162378,1.41258036108272,0.157779146822781,0.852372462597692
"gene_161",450.481305386544,0.407041875378006,0.926131856584512,0.439507476698986,0.660293865697364,0.990283420973561
"gene_162",236.035290480143,-0.148328404738644,1.01500318636369,-0.1461359005877,0.883814106053066,0.990283420973561
"gene_163",554.255172475378,0.340425417878846,0.574049733198979,0.593024259382152,0.553164917076954,0.990283420973561
"gene_164",339.015445666306,0.578505461135716,0.996505109007817,0.580534365460215,0.561554319019504,0.990283420973561
"gene_165",251.240881757309,0.478651337699616,1.18747928791757,0.403081841148579,0.686888018744428,0.990283420973561
"gene_166",518.405824791569,1.52122991270558,0.874220248336627,1.74009915190139,0.0818416091647358,0.746955282776615
"gene_167",468.613406001622,-1.04197800543005,1.05389263422403,-0.988694646487633,0.322812562887943,0.980297576089689
"gene_168",438.405433588958,1.53806228485085,0.816418202895228,1.88391473805518,0.0595765093537433,0.706808663806348
"gene_169",333.397225761648,0.753185358008683,1.06535149459621,0.706982964616912,0.479577064319516,0.990283420973561
"gene_170",408.337709449496,-1.00110413718604,0.988196932216829,-1.01306136919517,0.311030848809555,0.980297576089689
"gene_171",393.842349284749,-0.480259337925154,0.982700119361126,-0.488714032351375,0.625044167869351,0.990283420973561
"gene_172",236.018524237656,-0.273821720841798,1.2138443137613,-0.225582241262321,0.821526354270745,0.990283420973561
"gene_173",423.429829361721,-1.88794347997858,0.805364857290501,-2.34420891709903,0.0190674875471081,0.488909937105335
"gene_174",635.683082526437,-0.442262582442732,0.454204290490885,-0.973708508928336,0.330201291229158,0.980297576089689
"gene_175",439.431578917958,0.320750089701374,0.937341675403842,0.342191218120311,0.732206993683736,0.990283420973561
"gene_176",271.650853221674,-4.1180787758315,1.01485444894304,-4.05780235788535,4.95366618319329e-05,0.0495366618319329
"gene_177",517.405954191112,0.202852231034864,0.748927179925316,0.270857082600597,0.786500954624337,0.990283420973561
"gene_178",408.04226560228,-0.0063521210117342,1.09842533755213,-0.00578293380038927,0.995385912122175,0.996382294416592
"gene_179",382.818007372851,-0.343134972244232,1.35334799567238,-0.253545262077071,0.799846889389528,0.990283420973561
"gene_180",619.98841978525,0.393106345742144,0.419494666441388,0.937094979244675,0.34870970383184,0.980297576089689
"gene_181",400.377354079591,0.202994463215588,1.72859300036311,0.117433347915297,0.906516659071786,0.990283420973561
"gene_182",442.386900894183,1.50145519552132,0.779550247802122,1.92605313096179,0.0540977400350516,0.693560769680148
"gene_183",425.611263747156,-1.35053922345812,1.29488582682528,-1.04297938511636,0.296957840535474,0.980297576089689
"gene_184",423.651035073474,-0.511721019927113,0.910449513184252,-0.5620531534334,0.57407980479723,0.990283420973561
"gene_185",533.754986660041,-0.438747718374641,0.66319085761892,-0.661570818316003,0.50824631463299,0.990283420973561
"gene_186",279.357387136339,0.0697892742263925,1.33969604093672,0.0520933645348355,0.958454300123262,0.990283420973561
"gene_187",356.755843398632,0.563423070607908,1.09271469507655,0.515617729995328,0.606121424643804,0.990283420973561
"gene_188",528.292031938576,-0.37304605719717,0.685055767753784,-0.544548451026614,0.586064116706969,0.990283420973561
"gene_189",536.394000385948,-0.954774620989561,0.652195687862858,-1.46393887411032,0.143210650554298,0.852372462597692
"gene_190",655.336300447597,-0.0195189605079569,0.376082742289285,-0.0519007077781378,0.958607810312279,0.990283420973561
"gene_191",353.216274786397,1.58761520500965,0.931625081473392,1.70413531857557,0.0883558096773424,0.754181605292657
"gene_192",378.08880982047,-0.0642406290862675,1.00581748609594,-0.0638690716499829,0.949074479228088,0.990283420973561
"gene_193",542.722592194505,-0.485317433234949,0.675848234213957,-0.718086411514259,0.472704008119548,0.990283420973561
"gene_194",702.539927307687,0.380650784812075,0.261651468811243,1.45480087133269,0.145724396910359,0.852372462597692
"gene_195",607.607588851714,0.891480791743178,1.79077936074901,0.497817213713199,0.618612881987804,0.990283420973561
"gene_196",480.783195259798,1.19479008491185,0.750145626676316,1.59274418515993,0.11121759090251,0.814442135298758
"gene_197",436.398224124414,-0.889811480973803,1.29892686455259,-0.685035859413299,0.493321292929804,0.990283420973561
"gene_198",411.437276182769,0.504488165828075,1.01632545070943,0.496384465700358,0.619623182928983,0.990283420973561
"gene_199",505.799487211049,0.0709663786438396,0.887602058466792,0.0799529225590397,0.936274698398375,0.990283420973561
"gene_200",283.996470589263,-1.5399316201119,0.94670960647191,-1.62661454957739,0.103818987249911,0.811085837889928
"gene_201",503.694855547114,0.118544763380517,0.813348843586345,0.145748978824155,0.884119554664956,0.990283420973561
"gene_202",680.253109618765,-0.577434083742772,0.313572715813257,-1.84146787849569,0.0655530235982271,0.731412590589378
"gene_203",572.451766232771,0.464130978966535,0.528523166346878,0.878165818491139,0.379853738701117,0.980297576089689
"gene_204",347.185728832107,-1.84720547202238,1.22899155725529,-1.50302535531468,0.13283250571766,0.852372462597692
"gene_205",303.927965151817,-0.860325330107068,0.943851794403214,-0.911504682417901,0.362029519590538,0.980297576089689
"gene_206",633.305371153494,-0.892628263181739,0.416300887516105,-2.14419015176182,0.032017653858248,0.584399002964482
"gene_207",172.211496165393,-0.30210324594908,1.15379311066094,-0.261834849903049,0.793448769753804,0.990283420973561
"gene_208",387.465761728153,1.5479207061316,0.881795138567309,1.7554198684363,0.0791875160401189,0.746955282776615
"gene_209",343.542531734456,-0.661099566893095,1.27110699707915,-0.520097496443825,0.602995623255184,0.990283420973561
"gene_210",349.334535983264,0.284514723717522,1.00911038300898,0.28194608687818,0.777984850201548,0.990283420973561
"gene_211",373.591507593007,-0.177365402351285,0.863248710902583,-0.205462690081331,0.837210645230979,0.990283420973561
"gene_212",432.531422722875,-0.81212762554968,1.19305065952533,-0.680715122250378,0.496051765758426,0.990283420973561
"gene_213",351.950277403535,1.25038133916632,1.07135619456255,1.16710142295566,0.243169413292717,0.952331951091935
"gene_214",418.441969082476,-0.724022729564156,1.00002730551285,-0.724002960292019,0.469063917671369,0.990283420973561
"gene_215",324.519029909524,3.38242353560762,0.941606281256791,3.59218454988745,0.00032791748238789,0.140361522106664
"gene_216",441.405401478285,-1.62998922595501,0.89619825359358,-1.81878197086312,0.0689447000474428,0.745019449093403
"gene_217",386.231171443722,0.467655404961105,1.12348960344635,0.416252543438367,0.677225214817813,0.990283420973561
"gene_218",487.809720842386,-0.270913901085799,0.73549546704549,-0.368342040467047,0.712618208891891,0.990283420973561
"gene_219",523.628869289394,0.408505871210257,0.777213144555307,0.525603399880723,0.599163793995237,0.990283420973561
"gene_220",479.462465525071,-2.57998121062797,1.16165945039761,-2.22094453735551,0.0263547181618905,0.571808472524335
"gene_221",383.64805638664,0.823716353006358,0.95709019320689,0.860646529295592,0.389432751046984,0.980297576089689
"gene_222",481.701828116302,-1.0811700445676,0.973188230304318,-1.11095676139601,0.266586961291512,0.953570963197974
"gene_223",542.236137371654,0.940059435564572,0.822570941721393,1.14283083425888,0.253108833996619,0.953218358162262
"gene_224",482.905452163594,-1.34265829412908,0.992004105617011,-1.35348058191147,0.175902149391939,0.888394693898682
"gene_225",584.60309218112,0.712757974994663,0.924581058861387,0.77089830920008,0.440767209411979,0.990283420973561
"gene_226",253.989085983459,0.708081797480916,1.45709786858132,0.485953492039851,0.627000140801149,0.990283420973561
"gene_227",313.727279532258,-1.10316146432268,0.92184813101678,-1.19668460259925,0.231429510720659,0.952331951091935
"gene_228",389.737852255189,0.314111777076084,0.946711521059026,0.331792494428194,0.740045952132196,0.990283420973561
"gene_229",593.913415903759,-0.45178612179466,0.613088410639992,-0.736902074731847,0.461181902257186,0.990283420973561
"gene_230",481.384856600285,-0.972928018358909,0.806952598977209,-1.20568174585728,0.227940226073194,0.952331951091935
"gene_231",324.227257974381,0.432550461528117,1.60149568878869,0.270091555385505,0.787089818598109,0.990283420973561
"gene_232",418.201815766962,0.752038835288653,0.890170977217602,0.844825156667423,0.398208466653505,0.980297576089689
"gene_233",401.448527785278,0.132440257177964,0.852265217885374,0.155397937635626,0.876507609944651,0.990283420973561
"gene_234",398.162991430054,0.844256483893661,1.11195942744567,0.759251158860213,0.447702328136916,0.990283420973561
"gene_235",358.447596821797,1.12329762662362,0.937109452036112,1.1986834880205,0.230651040920396,0.952331951091935
"gene_236",308.937616560296,1.11583067705505,1.16057937959561,0.961442790275884,0.336329577817132,0.980297576089689
"gene_237",456.131943318632,2.49938854689636,0.767207125605191,3.25777546047267,0.00112289217685331,0.140361522106664
"gene_238",519.329734727214,-0.902963819475829,0.683320410285453,-1.32143545821882,0.186356209621729,0.898372808333857
"gene_239",360.263982915443,-1.00237638319761,1.35516622144581,-0.739670431076856,0.45949999407212,0.990283420973561
"gene_240",591.710089828008,0.490191946269033,0.611042754609293,0.802222009133332,0.422424547235871,0.987471577477955
"gene_241",257.86011793164,-0.206273810977889,1.12106451459264,-0.183998162722011,0.854014896251583,0.990283420973561
"gene_242",481.644967440431,0.284734792516392,0.730071897682443,0.390009248979807,0.696529707732601,0.990283420973561
"gene_243",405.756427659752,0.391557228952842,1.20067488521678,0.326114282703721,0.744337891205694,0.990283420973561
"gene_244",645.532978853352,0.788876581466513,0.389121230829727,2.02732855204118,0.042628823414193,0.649817661732443
"gene_245",610.993740544026,0.575881605886178,0.554863078755071,1.03788056537888,0.299325662567834,0.980297576089689
"gene_246",591.912698134387,0.740841745936939,0.591744517278171,1.25196216323992,0.210583651450314,0.937322024386017
"gene_247",503.761300121289,0.439943980933054,0.700658006155062,0.627901168713243,0.530068685338843,0.990283420973561
"gene_248",522.762892398688,0.422289450698512,1.03616365594748,0.40755091946587,0.683603403690262,0.990283420973561
"gene_249",400.199295456257,-0.823276117541852,1.00666749435683,-0.81782328540155,0.413458099886879,0.987471577477955
"gene_250",543.299966365275,-0.521746846983951,0.660372331186174,-0.790079811561424,0.429481159241545,0.990283420973561
"gene_251",560.981902356315,0.433427529022367,0.72056584888657,0.601509951785955,0.547500385418265,0.990283420973561
"gene_252",378.883669891767,0.428523880550386,1.49129845638595,0.287349509895477,0.77384471688386,0.990283420973561
"gene_253",504.78998303057,-0.038079902155078,0.636579574202965,-0.0598195476233373,0.952299356703164,0.990283420973561
"gene_254",312.956793151566,2.08742424507851,1.49030296200124,1.40067107044827,0.161312457496734,0.852372462597692
"gene_255",424.91272938684,0.884151504380266,0.984097673129418,0.898438771396212,0.368951674144399,0.980297576089689
"gene_256",444.54011272958,-2.17222008068182,0.789525282219658,-2.75129895090234,0.00593594443825301,0.327260710566638
"gene_257",271.595020973018,1.95945728849497,0.97671230542782,2.00617651442068,0.0448374186595385,0.649817661732443
"gene_258",410.149292221977,0.897775978189216,0.909279151518184,0.987349128911884,0.32347151380644,0.980297576089689
"gene_259",504.623954819981,-0.793066879782445,1.00415646274672,-0.789784171296504,0.429653824666891,0.990283420973561
"gene_260",641.93642797374,0.0208285729263337,0.467138805046415,0.0445875459313729,0.96443606969502,0.991242408647407
"gene_261",413.853004045125,-0.74455489660873,1.32114162432844,-0.563569327389259,0.573047266266566,0.990283420973561
"gene_262",572.202804370441,-0.444923368537033,0.689516618389358,-0.645268520976811,0.51875318861948,0.990283420973561
"gene_263",323.012217245895,0.0932677953210695,1.27549333382859,0.073122918675797,0.94170830401039,0.990283420973561
"gene_264",411.261810065683,-0.516465274709658,1.14150991010761,-0.452440465156341,0.650951701251227,0.990283420973561
"gene_265",438.851981359172,-0.657975230438721,1.00474310875174,-0.654869115008085,0.512552026763757,0.990283420973561
"gene_266",352.621570662981,0.570510346206465,1.4640163836771,0.389688498412526,0.696766902437535,0.990283420973561
"gene_267",432.165614110759,0.0670145775960436,0.982413034048228,0.0682142594544952,0.945615076008815,0.990283420973561
"gene_268",539.964843104576,-0.136150437502221,0.774022917922351,-0.175899749671081,0.860372702018326,0.990283420973561
"gene_269",150.823383078778,2.38808327936737,1.10782082571356,2.15565840967936,0.0311103480051118,0.584399002964482
"gene_270",454.595800434484,-1.32390222538889,0.781898773874341,-1.69318877279843,0.0904195409474547,0.754181605292657
"gene_271",326.43154432076,-0.629018231277547,1.32938014943467,-0.473166559275795,0.636094353681148,0.990283420973561
"gene_272",294.731753615094,-0.268829821809027,1.46954651404212,-0.182933863773789,0.854849911769952,0.990283420973561
"gene_273",359.915150904189,1.07471112300829,1.15772825329511,0.928293077368948,0.353255564031594,0.980297576089689
"gene_274",228.676137979087,-1.25044986314403,1.21088084839103,-1.03267787644471,0.301754670195755,0.980297576089689
"gene_275",745.147528776361,0.0815338709996486,0.189877979760422,0.429401403483035,0.667631132598201,0.990283420973561
"gene_276",668.697533900586,0.43582882745627,0.338727520209326,1.28666494882653,0.198211095141416,0.91441991379899
"gene_277",622.735373167587,-0.615234831157119,0.662381633577696,-0.928822298157747,0.352981186593191,0.980297576089689
"gene_278",388.310368333689,-0.697792360617011,0.896692395919232,-0.778184764131604,0.436460097445839,0.990283420973561
"gene_279",323.262012403404,1.48448184895373,1.04486584296906,1.42073918766018,0.155392595556922,0.852372462597692
"gene_280",340.987277880327,-1.04427204947626,1.14934416040137,-0.908580811087591,0.363571439326574,0.980297576089689
"gene_281",314.712817490309,-1.04937298001551,1.104745120658,-0.949877904317412,0.342174295242764,0.980297576089689
"gene_282",445.670518433988,0.0640791282724077,1.10800792506107,0.057832734606908,0.953881863360212,0.990283420973561
"gene_283",370.390603130906,-0.565308010109885,0.88262962651052,-0.640481571352678,0.521859566291149,0.990283420973561
"gene_284",456.215285479771,0.153272503863627,0.851948959789194,0.179908082640951,0.8572247297096,0.990283420973561
"gene_285",454.602839650694,1.21719932924861,1.03395656433311,1.17722481894942,0.239105785038415,0.952331951091935
"gene_286",276.08636916403,-0.214623615832033,0.984108685459596,-0.218089342166308,0.827359501270071,0.990283420973561
"gene_287",492.29484783599,0.842120596958265,0.986790728445336,0.853393300811616,0.393441235290832,0.980297576089689
"gene_288",216.8377564781,-1.89789861892693,0.970345252596006,-1.95590034974603,0.0504768941377936,0.673842017538735
"gene_289",408.009848087531,1.84992118748686,1.02972806166682,1.79651429960294,0.0724127605743525,0.745019449093403
"gene_290",436.376318158101,-0.577841421482966,0.82882302310003,-0.697183120374333,0.485688201115778,0.990283420973561
"gene_291",355.875659312372,-1.14537242605493,0.955456555080944,-1.19876976086882,0.230617483741506,0.952331951091935
"gene_292",371.462562079834,0.753339635973869,1.16483179417633,0.646736841954564,0.517802274552516,0.990283420973561
"gene_293",111.129551316662,-0.280141997814909,1.19167865637078,-0.235081828744061,0.814145222094448,0.990283420973561
"gene_294",494.374879751113,-1.74611985409204,0.820843447609477,-2.12722640252197,0.0334012764055438,0.585184654952369
"gene_295",467.379978694614,-0.176871062538515,0.984912596946014,-0.179580465400637,0.857481941701919,0.990283420973561
"gene_296",341.160708395403,-1.39518832328681,0.965163043589516,-1.4455467732146,0.14830436497017,0.852372462597692
"gene_297",627.436872280733,-0.67897223664529,0.539884362095345,-1.25762530703822,0.208527296578738,0.937322024386017
"gene_298",379.657454874928,0.0850733861540108,1.45217072808334,0.0585835979949105,0.953283775146847,0.990283420973561
"gene_299",424.389830344678,0.0785556883306605,1.06067279014441,0.074062132130273,0.940960946657099,0.990283420973561
"gene_300",684.29190930865,0.345013696404707,0.310798579846186,1.11008775064369,0.266961215142277,0.953570963197974
"gene_301",287.326996220736,-0.73010018934292,1.56505369986725,-0.466501685791899,0.64085644119295,0.990283420973561
"gene_302",371.154126641788,1.2621745775434,1.37828068147621,0.915760189130371,0.359792688326486,0.980297576089689
"gene_303",420.157136380963,-1.17671306308632,0.878815128614826,-1.33897679360736,0.180578227769274,0.891786022659504
"gene_304",601.296819552388,-0.429581217072848,0.465977839558553,-0.921891945504993,0.356584940874682,0.980297576089689
"gene_305",654.509550056403,0.245406330608927,0.356654514243376,0.688078576909489,0.49140330043032,0.990283420973561
"gene_306",380.610693521865,-0.584842451646233,0.931859982359607,-0.627607647841391,0.530260997443433,0.990283420973561
"gene_307",333.563180324336,2.4725908868731,0.945024505397759,2.61643044466068,0.00888544654137593,0.35021204510868
"gene_308",311.218693796816,3.12079166886972,1.22871809199717,2.53987606204866,0.0110891757374849,0.397435693307072
"gene_309",495.942282029103,-0.0297546468377509,0.83633952330703,-0.0355772338967025,0.971619461545773,0.991916096182403
"gene_310",311.139307497494,0.45875804737022,1.07750306087284,0.42576031941719,0.670282503842932,0.990283420973561
"gene_311",264.153617538067,0.0201618651623122,1.18078212618988,0.01707500877183,0.986376776117206,0.996253317173007
"gene_312",350.157621951328,-0.135604626113322,1.46177347170992,-0.0927671959696312,0.926088512420945,0.990283420973561
"gene_313",468.538267828969,-1.45838956250129,0.744419418040608,-1.95909661564167,0.0501014730871923,0.673842017538735
"gene_314",387.393399496245,2.31948317387755,0.996449031760325,2.32774893642072,0.0199254389734096,0.498135974335241
"gene_315",476.621732952149,0.0609125246156813,0.735568252412842,0.0828101599217659,0.934002490428451,0.990283420973561
"gene_316",434.166170246232,0.210837164155088,1.08086623371907,0.195063142484926,0.845343516321227,0.990283420973561
"gene_317",555.450874886611,-0.832824114796763,0.811910272947895,-1.02575880924986,0.305005286235618,0.980297576089689
"gene_318",268.916096904771,0.552567181331124,1.17882076456812,0.468745714310153,0.639251406748221,0.990283420973561
"gene_319",248.777199016949,-1.99159944770643,1.13976228174384,-1.74738143173091,0.0805711961826662,0.746955282776615
"gene_320",452.947662981569,0.378810698390401,1.15858423587378,0.326959997090509,0.743698141466609,0.990283420973561
"gene_321",698.728177940544,-0.134516275943938,0.265086554139004,-0.507442847793031,0.6118441278393,0.990283420973561
"gene_322",352.417836119911,0.604224982210719,0.879957890298022,0.686652155600401,0.492301953483558,0.990283420973561
"gene_323",422.381389790501,-0.311928021250427,1.00895654863783,-0.309159023420337,0.75720056256913,0.990283420973561
"gene_324",431.99074806573,-0.242423194408004,0.927313183593957,-0.261425372459877,0.79376449277097,0.990283420973561
"gene_325",494.116452778668,0.11283270110995,0.951366535528775,0.118600662201384,0.905591740695481,0.990283420973561
"gene_326",257.813509007122,0.84214646952092,1.21452418053951,0.693396214760275,0.488060937075513,0.990283420973561
"gene_327",438.310892903003,-1.57245863433261,1.06731833254425,-1.47327988884462,0.140675581224679,0.852372462597692
"gene_328",309.134646338073,0.738955045662215,1.37733541971482,0.536510595084542,0.591605715406308,0.990283420973561
"gene_329",188.232809817768,0.508323197537023,1.30241186368786,0.390293740182676,0.696319351617257,0.990283420973561
"gene_330",576.09278244999,-0.558170831720661,0.5345727904359,-1.04414373815307,0.29641889249609,0.980297576089689
"gene_331",324.26017821872,-1.73014690643814,1.2141806601721,-1.42495014390438,0.154171613266208,0.852372462597692
"gene_332",204.020296112277,-0.933201015058201,0.946693524580485,-0.985747753447176,0.324256909717131,0.980297576089689
"gene_333",612.270039696985,0.144511491592375,0.458011514622126,0.315519341716991,0.7523673679228,0.990283420973561
"gene_334",610.403985899204,-0.139317746179745,0.460344360833346,-0.302638107540934,0.76216566989412,0.990283420973561
"gene_335",517.251570093889,1.08126561757813,0.617625401735055,1.75068190935898,0.0800007172947004,0.746955282776615
"gene_336",189.751630082348,-1.75664458904072,1.01156679340165,-1.73655817935022,0.082465186710502,0.746955282776615
"gene_337",476.001323370078,-0.917150352041115,0.920669807945881,-0.996177287585201,0.319164012789274,0.980297576089689
"gene_338",643.079333505049,0.138631380163423,0.4109629773647,0.337333014891991,0.735865874427752,0.990283420973561
"gene_339",733.525860339452,0.309019107598585,0.221637990766945,1.39425152939381,0.163241662243104,0.854668388707351
"gene_340",659.446460128788,-0.0329591442070609,0.430913511775585,-0.0764866807523679,0.939031910153133,0.990283420973561
"gene_341",365.447005033375,0.389528310475432,0.92671915814203,0.420330482059304,0.674244044934876,0.990283420973561
"gene_342",360.992705091438,0.883352473588929,1.14315183132433,0.772734163025024,0.439679723953476,0.990283420973561
"gene_343",580.673840053645,0.91813423642638,0.522536555622885,1.7570717810009,0.0789055749322976,0.746955282776615
"gene_344",397.468609029727,1.48108383658262,0.890264762930738,1.66364423062968,0.0961835473105374,0.788389732053585
"gene_345",392.467628341602,-0.834151307057996,0.930895874529358,-0.896073696190485,0.370213404463832,0.980297576089689
"gene_346",472.199442397421,-0.692937888505402,1.03598092871187,-0.668871278708767,0.503577592965513,0.990283420973561
"gene_347",459.376776658822,-0.658294847290647,0.892348742728909,-0.737710287210696,0.460690519472876,0.990283420973561
"gene_348",482.496160089679,0.147590317124303,0.755511414796684,0.195351538353687,0.845117752419233,0.990283420973561
"gene_349",445.277613893956,0.712299396380827,0.842328396993204,0.845631465024174,0.397758366808092,0.980297576089689
"gene_350",460.255075021837,-0.494234626328649,0.721705272731796,-0.684815041544416,0.493460642469257,0.990283420973561
"gene_351",402.171660120348,3.34820782829818,1.00961049622594,3.31633619184255,0.000912060381562174,0.140361522106664
"gene_352",410.83287686389,-0.13541031448087,1.55509880021955,-0.08707505559245,0.930611852814104,0.990283420973561
"gene_353",377.907835507062,0.717218960906643,1.04919006232722,0.683592979632089,0.494232218991659,0.990283420973561
"gene_354",305.557317192051,2.65275853679227,1.11797567530409,2.37282312611203,0.0176527149747457,0.471245398942214
"gene_355",331.723031476882,0.140905040072731,1.115159206158,0.126354191665766,0.899451561206598,0.990283420973561
"gene_356",468.960910736688,-1.13564521164822,1.00975182177074,-1.12467755656702,0.26072569552267,0.953218358162262
"gene_357",267.886106751837,-1.31253728268157,1.20867207170197,-1.08593332584689,0.277508491477144,0.973714005182962
"gene_358",463.16631024301,-0.503310144945738,0.836067422176125,-0.601997077742507,0.54717608259399,0.990283420973561
"gene_359",368.971967921171,0.958428346583621,1.00771543579599,0.951090270664125,0.341558553252774,0.980297576089689
"gene_360",506.166183647874,-0.444911897807556,0.664966461440511,-0.669074191867883,0.503448152055193,0.990283420973561
"gene_361",431.300822096021,0.555914174099059,0.940288190588871,0.591216798916627,0.554375168348868,0.990283420973561
"gene_362",323.381162524515,1.6537504511345,0.931519155172235,1.77532629570965,0.0758440259742335,0.746955282776615
"gene_363",604.955556180476,-0.776223883916731,0.605163210048141,-1.28266866033542,0.199608184068341,0.91441991379899
"gene_364",544.531407065055,1.21128821525169,0.581518042371989,2.08297615377659,0.0372533972248239,0.591323765473395
"gene_365",316.134022298884,0.484300339333751,0.929609097704952,0.520972030641059,0.602386255591445,0.990283420973561
"gene_366",401.053758065281,-0.560754623815215,0.930555760106493,-0.602601851339936,0.546773588475615,0.990283420973561
"gene_367",339.652715529943,1.74642576948295,0.9672052182182,1.80564138466937,0.0709743739109465,0.745019449093403
"gene_368",377.65025433287,0.880180444979328,1.29001535537127,0.682302300755179,0.495047818544788,0.990283420973561
"gene_369",327.063565490366,0.733708598038343,1.06871531944656,0.686533246681909,0.492376906516328,0.990283420973561
"gene_370",416.252894093573,0.882076471824366,0.888787255865872,0.992449504651179,0.320978300137878,0.980297576089689
"gene_371",517.106604443113,1.05675539934421,0.615351876140079,1.71731888748423,0.0859209228854211,0.746955282776615
"gene_372",345.624863038105,0.978083052897055,0.929230547903539,1.05257307253161,0.292536703853182,0.980297576089689
"gene_373",370.162924073075,-1.64823269926882,0.914387607633999,-1.80255362770462,0.0714583453245118,0.745019449093403
"gene_374",543.975010636688,0.388538833936363,0.632746029926776,0.614051792598883,0.539181102696727,0.990283420973561
"gene_375",353.532459379441,-1.66176689056234,1.35402330816248,-1.2272808603402,0.219717046766531,0.94559998098203
"gene_376",640.853161124466,-0.673371927660589,0.556303751294886,-1.21043930782995,0.226110366352092,0.952331951091935
"gene_377",475.464012097841,-0.191813505467598,1.01965716001003,-0.188115685340463,0.850785965479211,0.990283420973561
"gene_378",536.779356608749,0.135976385937483,0.788367051571291,0.172478524649741,0.863061343194487,0.990283420973561
"gene_379",194.452047761654,0.746527800262897,1.51676862199416,0.492183045876439,0.622589948711682,0.990283420973561
"gene_380",684.548889587952,-0.0574111121580244,0.365284370457402,-0.15716826889181,0.875112235225283,0.990283420973561
"gene_381",486.656518567964,0.145033180999205,0.725597242264741,0.199881108349483,0.841573565649698,0.990283420973561
"gene_382",304.384036235976,-2.07556688924647,1.33599771964664,-1.55357068258727,0.120286856986107,0.814442135298758
"gene_383",499.898133421448,-0.306106285764682,1.10131507958523,-0.277946149506975,0.7810536968983,0.990283420973561
"gene_384",299.158789108054,-0.731555175818925,1.22252114732805,-0.598398790415869,0.549573872670823,0.990283420973561
"gene_385",551.308120509592,-0.391201702440981,0.886527991917917,-0.441273942850529,0.659014687830261,0.990283420973561
"gene_386",311.577799386357,-1.83410298465733,1.07047310170369,-1.71335737604083,0.0866468128020873,0.746955282776615
"gene_387",417.057211114231,1.89187783051514,0.831522342146597,2.27519783248542,0.0228940648457052,0.545096782040601
"gene_388",469.342109278649,-0.233727716433786,0.933132871626476,-0.250476350732766,0.802218991300377,0.990283420973561
"gene_389",148.640155796683,1.70891002826237,0.95602416557614,1.7875176065581,0.0738538690429636,0.745998677201652
"gene_390",402.129472520042,1.62527986337002,0.829023336781962,1.96047540673451,0.0499402497418044,0.673842017538735
"gene_391",706.048370545001,-0.672811766942331,0.252406862842684,-2.66558428469383,0.00768546638690245,0.349339381222839
"gene_392",278.471991600933,-1.75296613168821,1.32808457718261,-1.31992055461327,0.186861544133442,0.898372808333857
"gene_393",376.658010535407,-1.08682091729189,0.884157242217371,-1.22921677886872,0.218990539612714,0.94559998098203
"gene_394",451.996810101185,-0.393066612486492,0.791831895661213,-0.496401590590468,0.619611103081156,0.990283420973561
"gene_395",409.675474277062,1.18883022083221,1.01456054862832,1.17176862676112,0.241289961794915,0.952331951091935
"gene_396",640.778098027305,0.844529327956593,0.543334634010295,1.55434473544087,0.120102208016777,0.814442135298758
"gene_397",365.976263577202,-0.356809030810004,0.986876444755006,-0.361553903435787,0.717685417048313,0.990283420973561
"gene_398",374.53534137644,0.995114673376361,1.01514004716513,0.980273289538042,0.326951235816961,0.980297576089689
"gene_399",287.441018161884,2.70857457733506,0.974040008311492,2.78076316601245,0.00542312846411637,0.319007556712727
"gene_400",576.231177063711,0.170591013447443,0.728343075935393,0.234217938062166,0.814815789728897,0.990283420973561
"gene_401",520.165168024341,-0.100285193719096,0.79868621694081,-0.12556269482553,0.900078094393063,0.990283420973561
"gene_402",261.340215914597,1.14892099915426,1.01109997880522,1.13630800438934,0.25582768198487,0.953218358162262
"gene_403",331.275068427303,-0.861252084056493,1.21977805758453,-0.706072779962929,0.480142878266335,0.990283420973561
"gene_404",489.054069396745,0.0909718166272997,0.812541275089848,0.11195962521072,0.910855419648308,0.990283420973561
"gene_405",317.499043463868,0.319073763872079,1.59597748404262,0.199923725154232,0.841540235019087,0.990283420973561
"gene_406",382.487118154878,-1.18949732401127,0.888056439718028,-1.33943888114696,0.180427838931573,0.891786022659504
"gene_407",533.400631653254,-0.106048358448077,0.762053062511178,-0.139161383458808,0.889322623057371,0.990283420973561
"gene_408",463.162640544329,0.0618962545689224,1.04044117016994,0.0594903934441702,0.952561516847717,0.990283420973561
"gene_409",461.020473636074,1.96158959710565,0.870939049156018,2.25226966112787,0.0243052361803792,0.552391731372255
"gene_410",515.568897677125,-1.19260935391261,0.662980986588027,-1.798859059368,0.0720409781918526,0.745019449093403
"gene_411",447.276706948563,-0.0700771448020945,1.00785942269213,-0.0695306738462679,0.944567217529601,0.990283420973561
"gene_412",654.316145688619,-0.527236906740614,0.354008904114395,-1.48933233207672,0.136399877779487,0.852372462597692
"gene_413",310.765084646159,-0.510536306707555,1.04636056915722,-0.487916232469233,0.625609176261632,0.990283420973561
"gene_414",332.732341110649,0.362989563721393,1.43788563950237,0.25244675497769,0.800695764832042,0.990283420973561
"gene_415",486.845136574458,1.92311883364613,0.681900166057348,2.82023517425628,0.00479884655726105,0.318274447926018
"gene_416",357.552979821528,-0.393373805204046,1.14632494579988,-0.343160817223218,0.731477480181754,0.990283420973561
"gene_417",587.771694113857,-0.452483138178983,0.622500673868573,-0.726879756397684,0.467299619255292,0.990283420973561
"gene_418",296.834408615065,0.166407445297843,0.929550768645473,0.17901921111886,0.857922617074014,0.990283420973561
"gene_419",602.490315508593,0.2462706628048,0.51032546192943,0.482575691743273,0.629397042354345,0.990283420973561
"gene_420",185.216023006874,0.381075907459904,1.22508500423811,0.311060788550668,0.755754409601154,0.990283420973561
"gene_421",466.598164334986,-0.97239326988782,0.877918644421263,-1.10761205046378,0.268029396900846,0.953841270109773
"gene_422",575.672263324677,0.178333532725842,0.538311605498149,0.331283091251235,0.740430662124188,0.990283420973561
"gene_423",509.091126111753,0.357011238503692,0.739671862086621,0.482661646066352,0.629336000224102,0.990283420973561
"gene_424",474.223549245376,-0.48137886120037,0.798689479775271,-0.602710907542962,0.546701024059565,0.990283420973561
"gene_425",458.686472887968,-0.897431083503816,0.930175007606553,-0.964798103760075,0.334645945892883,0.980297576089689
"gene_426",307.024233287891,-0.129764511551931,1.1590648709178,-0.111956211259494,0.910858126568958,0.990283420973561
"gene_427",359.130506657144,0.161837955028827,1.09648656027079,0.147596843310929,0.882660946487999,0.990283420973561
"gene_428",626.360895007725,0.102218785110857,0.527158250777286,0.193905312038913,0.846250024238473,0.990283420973561
"gene_429",455.402822693015,-0.140512891884263,0.940939060863425,-0.149332616455869,0.881291179604412,0.990283420973561
"gene_430",610.109008434425,0.177237877886369,0.509820582087779,0.347647553106934,0.728104888999303,0.990283420973561
"gene_431",649.32062706029,-0.696858366821739,0.46484416476013,-1.49912254396338,0.133841844145546,0.852372462597692
"gene_432",359.997956000416,-0.171121284295728,0.905394213154573,-0.189001963795977,0.850091277644667,0.990283420973561
"gene_433",327.096207928437,-1.65317795389449,1.29715913376024,-1.27446040417741,0.202500296828546,0.920455894675207
"gene_434",692.085069417593,-0.420584670107675,0.290978444202556,-1.445415213695,0.148341292611816,0.852372462597692
"gene_435",187.065814121085,-1.46618454773205,0.980102266644534,-1.4959505733536,0.134666535840354,0.852372462597692
"gene_436",388.511920624986,-0.373772112959419,0.916604072856455,-0.407779240817265,0.683435755561826,0.990283420973561
"gene_437",395.64128453821,0.468224878689741,1.19385906329238,0.392194433234427,0.694914556966695,0.990283420973561
"gene_438",656.178473287071,0.27302616552429,0.415767852969383,0.656679355015925,0.511387111809886,0.990283420973561
"gene_439",293.399025961434,-0.390381691805921,1.29287940109339,-0.30194749137141,0.762692091466118,0.990283420973561
"gene_440",333.898068793654,0.305080163649652,1.28866689752791,0.23674090196225,0.812857801603479,0.990283420973561
"gene_441",369.619368421057,1.51792841899574,0.902059995784396,1.68273554540661,0.0924262973998655,0.763853697519549
"gene_442",471.48682415897,-0.342838312343269,0.796660053090387,-0.430344550367923,0.666945024451947,0.990283420973561
"gene_443",330.847825687997,-0.0984717687682839,1.29412248901919,-0.0760915366233341,0.939346273417092,0.990283420973561
"gene_444",271.772595341547,-0.221237668722037,1.20928183279093,-0.182949634008341,0.854837537750368,0.990283420973561
"gene_445",433.133911242864,-2.16160770057147,1.17040498759791,-1.84688866117007,0.0647632784229655,0.731412590589378
"gene_446",522.102822499042,-0.688810888290009,0.923887503708257,-0.745557100323678,0.455935005878717,0.990283420973561
"gene_447",267.222287015308,-1.09682970699716,1.22648106347904,-0.894289964727133,0.371166767854204,0.980297576089689
"gene_448",220.661655803215,-0.520125700684013,1.1596884617892,-0.448504678473343,0.65378901047106,0.990283420973561
"gene_449",394.124059769284,0.113131653313314,0.872060453546559,0.129729140741588,0.896780726408618,0.990283420973561
"gene_450",386.611649800574,-0.225165921367877,0.97354136055652,-0.231285418874409,0.817093073675098,0.990283420973561
"gene_451",427.388961622258,-0.457657185177213,1.27016591659047,-0.360312915973773,0.718613141545286,0.990283420973561
"gene_452",380.073716792964,-0.76034848690672,0.903254414749167,-0.84178773387769,0.399906779041972,0.980297576089689
"gene_453",256.735865822252,-2.17112311689599,1.01872853102824,-2.13120870847171,0.0330719519019377,0.585184654952369
"gene_454",262.018463336983,2.52718537488645,1.03860716929362,2.43324468538499,0.0149641846752265,0.449937593885328
"gene_455",401.222427327467,0.313707370004659,1.07670315585461,0.291359199886119,0.770776615306977,0.990283420973561
"gene_456",667.394566969704,-0.331357168737704,0.45950154044529,-0.721123085717177,0.470833788496724,0.990283420973561
"gene_457",404.001091625823,-0.40955692917124,1.06996795303502,-0.382774949482843,0.701886636925248,0.990283420973561
"gene_458",501.600078470423,-0.872904701107924,0.696120435811598,-1.25395643656146,0.209857840014133,0.937322024386017
"gene_459",475.105414000548,0.23113732334881,0.89239746801719,0.259007148308446,0.795629725099318,0.990283420973561
"gene_460",188.170726355854,1.30603406581027,0.988605864436205,1.32108670683953,0.186472454910289,0.898372808333857
"gene_461",671.180863605563,-0.796674738006516,0.549705486352171,-1.44927558080824,0.147260637692956,0.852372462597692
"gene_462",527.440943055482,0.0315972133947564,0.623528769845038,0.0506748283685595,0.959584634923381,0.990283420973561
"gene_463",508.41847880826,-0.303629037161081,1.00847147876861,-0.301078457401517,0.763354667816563,0.990283420973561
"gene_464",161.27980498881,0.0723816969944919,0.915066316312452,0.0790999468608754,0.936953125781247,0.990283420973561
"gene_465",373.020473867923,0.816516401232146,1.25007673969496,0.653173021546971,0.513644740690233,0.990283420973561
"gene_466",518.061197866706,0.10192522432405,0.794403744323712,0.128304058298241,0.897908353594748,0.990283420973561
"gene_467",434.879000270194,-0.474996582974189,1.23905216486074,-0.383354790415605,0.701456719523974,0.990283420973561
"gene_468",299.629413368955,-0.652081778683341,1.17511232953367,-0.554910166709008,0.578956107548669,0.990283420973561
"gene_469",294.285352486923,-0.406392896677035,1.00460532553139,-0.40452990477835,0.685823091779879,0.990283420973561
"gene_470",326.972103831137,-2.60396691498926,1.0257301471198,-2.53864715032612,0.011128199412598,0.397435693307072
"gene_471",283.21825846848,-0.688460184877751,1.37323669718627,-0.501341237303365,0.616130988033491,0.990283420973561
"gene_472",318.895588296684,-0.677476249840315,1.22671377521696,-0.552269211879105,0.580763921228595,0.990283420973561
"gene_473",508.338553347261,-0.0156263803638611,0.703365361845579,-0.0222165907102088,0.982275183383989,0.994681447656825
"gene_474",547.573509775735,0.207363383664524,0.619560337556989,0.334694413270846,0.73785561620443,0.990283420973561
"gene_475",407.116455219876,-0.638668347939862,0.834015055440978,-0.765775562171563,0.443809857446434,0.990283420973561
"gene_476",500.920579763026,-0.0841629314527355,0.665037944248101,-0.126553578153937,0.89929374068533,0.990283420973561
"gene_477",495.221071038892,0.0636783636742682,0.695915396797866,0.0915030246022335,0.927092903035639,0.990283420973561
"gene_478",335.329388509612,-0.930427808370142,1.65992842748652,-0.560522847228422,0.5751228602281,0.990283420973561
"gene_479",551.438731745474,0.439838893757052,0.731673841890821,0.601140656635206,0.5477463060316,0.990283420973561
"gene_480",612.062747001756,-0.298450358845324,0.574590074570815,-0.519414400028141,0.603471791632192,0.990283420973561
"gene_481",368.449676258819,-0.488348048662443,1.00933964121664,-0.483829256992026,0.62850704966271,0.990283420973561
"gene_482",405.290410437653,-0.0271594720237543,1.07521029631541,-0.0252596837258961,0.979847831387774,0.994681447656825
"gene_483",487.248224185301,-0.103361383539069,0.832009598905742,-0.124230998867092,0.901132378800578,0.990283420973561
"gene_484",473.730712761375,-1.20991196392131,0.714758347901102,-1.69275667430011,0.0905017926351188,0.754181605292657
"gene_485",720.868529049411,-0.51224671950755,0.328044006006826,-1.56151830281237,0.118401508800005,0.814442135298758
"gene_486",129.883078605422,1.34991602518389,1.009220736141,1.33758252961153,0.181032562599879,0.891786022659504
"gene_487",447.308516783881,0.403173222633038,1.05550014887546,0.381973629338264,0.702480924969168,0.990283420973561
"gene_488",567.863071027352,0.427223462956046,0.574644335187478,0.743457190466628,0.457204930492249,0.990283420973561
"gene_489",452.322280677716,0.0399468506341978,0.851028590950216,0.0469394930546283,0.962561451863105,0.991242408647407
"gene_490",673.176349326422,-0.260946298203585,0.303579830581681,-0.859564015513127,0.390029418117319,0.980297576089689
"gene_491",419.021043870861,-0.112693615383035,1.38412098397695,-0.0814189053468693,0.935108814730692,0.990283420973561
"gene_492",89.9974699738982,1.94714257429852,1.24772507093226,1.56055417949058,0.118628977089879,0.814442135298758
"gene_493",468.705600455004,-1.11136879422761,0.939305192612044,-1.18318178475846,0.236737110409536,0.952331951091935
"gene_494",704.977672840533,0.239458676660163,0.249674577432089,0.95908313582826,0.33751686536991,0.980297576089689
"gene_495",320.762230548092,1.38883530567645,1.04537538271307,1.32855176106405,0.183995895916398,0.897540955689749
"gene_496",750.334614972764,-0.173204103964766,0.194742515822455,-0.889400566862735,0.373787840430518,0.980297576089689
"gene_497",669.187975564291,0.529972994683401,0.520703911114545,1.01780106385031,0.308772506362678,0.980297576089689
"gene_498",255.430491921824,1.85154174866643,1.06981529126036,1.73071161329645,0.0835032129012472,0.746955282776615
"gene_499",567.726604653001,-0.0992235690059816,0.530504024822552,-0.18703641134329,0.851632084539416,0.990283420973561
"gene_500",315.832968619759,-2.55862461111587,0.981042518256167,-2.60806699353246,0.00910551317282567,0.35021204510868
"gene_501",522.915541724511,-0.252246737517188,0.808622388536266,-0.311946269474179,0.755081357793151,0.990283420973561
"gene_502",531.709442597812,-0.351818247066852,0.707419445334099,-0.497326231823747,0.618959016364716,0.990283420973561
"gene_503",497.927362489629,1.02586773673512,0.663308889456289,1.54659126847526,0.121961836532788,0.818535815656298
"gene_504",218.77124537939,1.12915679248748,0.988677548284046,1.14208802905178,0.253417430841972,0.953218358162262
"gene_505",475.673916738057,0.0497925581495859,0.745679355447962,0.066774757522519,0.946761019125036,0.990283420973561
"gene_506",385.45455252954,0.465494956447329,0.949908300816112,0.490041992524331,0.624104184191347,0.990283420973561
"gene_507",417.822571770972,-0.533483464958034,0.980132066769522,-0.544297531980945,0.586236745020854,0.990283420973561
"gene_508",381.711741209625,-0.239150548835391,1.35870591453357,-0.176013474496053,0.860283356596953,0.990283420973561
"gene_509",644.771747043293,0.178472950552944,0.472013612687521,0.378109753099632,0.705349063311532,0.990283420973561
"gene_510",500.635099809762,0.508214234942104,0.68778456112825,0.738914863265356,0.459958696347592,0.990283420973561
"gene_511",436.939906945227,0.215342648202915,0.971054380281812,0.221761677384556,0.824499413661717,0.990283420973561
"gene_512",300.305763006011,-1.67248703491033,1.28563650706495,-1.30090194679408,0.193292019670518,0.91441991379899
"gene_513",547.781999799306,-1.12443145920706,0.766225401212605,-1.46749436579311,0.142241620829391,0.852372462597692
"gene_514",271.207321016985,-0.0222362976500622,0.957463795206048,-0.0232241655103804,0.981471462514459,0.994681447656825
"gene_515",536.543645689037,0.142806899201622,0.622799677710986,0.22929828693311,0.818637084845703,0.990283420973561
"gene_516",297.874453392641,0.35511394676308,1.10461395553067,0.321482401145727,0.747844846886042,0.990283420973561
"gene_517",259.369872457725,0.549181214767822,1.28887855286535,0.426092290500853,0.670040597678014,0.990283420973561
"gene_518",459.818967283695,-0.299968329538561,0.815855779422894,-0.367673229882306,0.713116903903434,0.990283420973561
"gene_519",375.82994234963,1.32777421002418,1.07375864435618,1.23656672475061,0.216247979773315,0.940208607710065
"gene_520",334.972126465438,-0.977183662124716,1.05134417958899,-0.929461237429147,0.352650104670401,0.980297576089689
"gene_521",421.142825306595,-0.154016746261241,1.02700122044209,-0.149967442292758,0.880790302007371,0.990283420973561
"gene_522",345.731704693079,1.64223425984997,1.27320614036102,1.28984161149609,0.197105656918146,0.91441991379899
"gene_523",410.075352889068,-0.349062489932621,1.19038471022106,-0.293235024723897,0.769342514283381,0.990283420973561
"gene_524",236.063703213264,0.356445628375217,1.21738761153783,0.292795511468156,0.7696784593129,0.990283420973561
"gene_525",465.509052116798,-0.534970442742326,0.723933602867225,-0.738977221976591,0.459920828916763,0.990283420973561
"gene_526",463.377354002622,1.01745693246379,1.2331886457441,0.825061871900277,0.409336464864839,0.987471577477955
"gene_527",396.267062426221,-0.165474001353219,1.21226567823458,-0.136499782452142,0.89142619651894,0.990283420973561
"gene_528",272.734397613906,0.833864315728749,1.38629727113105,0.60150469390192,0.547503886359262,0.990283420973561
"gene_529",687.575895028138,-0.134886348093596,0.375648372926718,-0.359076087679233,0.719538169611891,0.990283420973561
"gene_530",503.306783688106,1.74456215679486,0.643960747144271,2.7091125732917,0.00674634450608252,0.337317225304126
"gene_531",602.114629748537,-0.884681543891633,0.763367072213268,-1.15892023129401,0.246488701480198,0.952742449508585
"gene_532",609.146037896622,-0.000272953057126794,0.472562949493361,-0.000577601475992626,0.999539140725634,0.999539140725634
"gene_533",563.355784221442,-0.151351237564646,0.601171254236224,-0.251760603152815,0.801226110723347,0.990283420973561
"gene_534",527.360737002276,-0.0863338498950344,0.652213651955131,-0.132370504107408,0.894691243665588,0.990283420973561
"gene_535",470.395620927192,1.90092033998585,1.0023557615709,1.8964527494776,0.0579002023690041,0.706100028890294
"gene_536",324.757678270997,-1.03626054581355,1.10035860221662,-0.941748029893205,0.346321658406511,0.980297576089689
"gene_537",450.242690093023,0.869995606510425,0.769411356599393,1.13072883451524,0.258169241133767,0.953218358162262
"gene_538",446.026150627934,-0.145317671971414,0.994704197992367,-0.146091342797901,0.883849280541024,0.990283420973561
"gene_539",619.539447642765,-0.124477522452972,0.511582914042718,-0.243318373300047,0.807758772185484,0.990283420973561
"gene_540",388.84907974337,0.432099928694735,1.09597918244158,0.394259248366489,0.693389646769872,0.990283420973561
"gene_541",414.315459529074,0.272884042178576,1.22161654188401,0.223379458956676,0.823240189828674,0.990283420973561
"gene_542",418.04753486331,0.255145204800659,1.17441717231384,0.217252617566867,0.828011480871476,0.990283420973561
"gene_543",517.717513986763,0.0246464955296871,0.711554163050352,0.0346375536951824,0.972368755937223,0.991916096182403
"gene_544",464.8321985046,0.624505107055998,0.769501989866951,0.811570490108774,0.417038129960036,0.987471577477955
"gene_545",667.768258379592,0.163407301004528,0.346117692077517,0.472114846322074,0.636844816038442,0.990283420973561
"gene_546",680.341770776614,0.569193828137957,0.48226632973495,1.1802479108396,0.237901628686279,0.952331951091935
"gene_547",261.884946624034,2.95206644577937,0.95574912004982,3.08874618228839,0.00201003083776836,0.22333675975204
"gene_548",658.509173337582,0.413606847990182,0.424203311017194,0.975020319851811,0.329550180653006,0.980297576089689
"gene_549",415.86241192976,-1.57443503046635,1.20299768892792,-1.30875981305454,0.190615723684528,0.912036955428363
"gene_550",498.291791639535,-0.593237391591965,0.839384836139464,-0.706752571705261,0.479720253083602,0.990283420973561
"gene_551",612.086268947978,0.193596736283631,0.590465081933205,0.327871608681393,0.743008741176689,0.990283420973561
"gene_552",193.390091912551,0.980819054375091,1.03162160525642,0.950754665642447,0.341728930795543,0.980297576089689
"gene_553",500.138953361916,0.168441536801226,0.645125454363092,0.261098884971951,0.794016251528959,0.990283420973561
"gene_554",548.004922366611,-0.0954938465060536,0.677378894044001,-0.14097552691072,0.887889275932698,0.990283420973561
"gene_555",488.013945940309,0.490392238495988,0.702768308348577,0.697800729871204,0.485301822591409,0.990283420973561
"gene_556",503.240825165471,0.604147005882899,0.685798173909115,0.880939945405809,0.378350325469216,0.980297576089689
"gene_557",502.47246002112,-0.532854531420012,0.628815347974076,-0.847394283769898,0.396775389579786,0.980297576089689
"gene_558",225.953076782107,-1.95578979401361,1.19099845486919,-1.6421430153983,0.100560368921979,0.804482951375833
"gene_559",396.049400110464,-0.00711603904758206,0.842960209432337,-0.00844172591773236,0.993264557221488,0.996253317173007
"gene_560",374.381273538093,-0.53117585816965,1.3796376184824,-0.385011144269858,0.700229158876278,0.990283420973561
"gene_561",382.38312791657,0.0960448345930331,1.21153138298714,0.0792755647453603,0.936813441628844,0.990283420973561
"gene_562",558.546727963205,0.055612546041936,0.708246891773363,0.0785214120780525,0.937413298430075,0.990283420973561
"gene_563",512.952327162312,-1.09669175684991,0.63028958660617,-1.73998076464362,0.0818623955915519,0.746955282776615
"gene_564",332.148485798437,1.35451370367241,0.909099868968338,1.4899503892895,0.136237280900011,0.852372462597692
"gene_565",487.886890834287,-0.119389404307072,0.672640285893213,-0.177493686909538,0.859120623624431,0.990283420973561
"gene_566",571.952551087775,1.10739552331838,0.698937341763875,1.58439885401416,0.113102982550855,0.814442135298758
"gene_567",154.235730701198,-1.5032398994559,1.28972728786044,-1.16554865017214,0.243796979479535,0.952331951091935
"gene_568",652.290592842792,-0.449753332512879,0.507069056634183,-0.886966630340739,0.375096866572058,0.980297576089689
"gene_569",284.583373549605,0.0131242436741836,1.24006576935664,0.0105835061320922,0.991555741499415,0.996253317173007
"gene_570",723.277553784977,-0.190358047218454,0.220829750086965,-0.862012691421737,0.388680533932526,0.980297576089689
"gene_571",471.497156262343,0.654419746370719,0.775502863643679,0.843865028809752,0.398744832125354,0.980297576089689
"gene_572",461.299602338782,0.307125294099009,1.18078671498684,0.260102260807051,0.794784894060039,0.990283420973561
"gene_573",538.112011304858,-0.365497138036992,0.619966249285927,-0.589543605733328,0.555496669460572,0.990283420973561
"gene_574",484.856057106493,0.85671401448661,0.728494538719591,1.1760060905774,0.239592442242933,0.952331951091935
"gene_575",422.425123416939,-0.0581020112746014,1.36049494215375,-0.0427065250111275,0.965935478110278,0.991242408647407
"gene_576",491.072512826096,-0.909200263896095,1.08257706458439,-0.839848075153101,0.400993574337239,0.980297576089689
"gene_577",133.165418158562,-1.49073707047536,1.32629691115269,-1.12398442455827,0.261019633573698,0.953218358162262
"gene_578",137.132711373368,-1.40533648586438,1.29676328907499,-1.08372630356218,0.278486169429077,0.973727865136631
"gene_579",372.411783968902,0.0705282306321735,0.924219394523111,0.0763111346181665,0.939171567532217,0.990283420973561
"gene_580",426.10247748546,-0.0677187952906107,0.932634511098893,-0.0726102181344542,0.942116295290837,0.990283420973561
"gene_581",657.015913854335,-0.0813776914375559,0.356713024607775,-0.228132100102134,0.819543545712996,0.990283420973561
"gene_582",325.589241697669,-0.637319528797351,1.25557252180203,-0.507592765635438,0.611738965114413,0.990283420973561
"gene_583",469.704324534828,0.0801509607972925,1.04673673866509,0.0765722247405874,0.938963855507533,0.990283420973561
"gene_584",315.707817075267,1.01432103593645,1.16276771003063,0.872333336389036,0.383026556411227,0.980297576089689
"gene_585",678.783434776946,-0.274539664819927,0.37071456162344,-0.740568872227887,0.45895488751678,0.990283420973561
"gene_586",354.834236618645,0.0955841945859257,1.04257849384071,0.091680573837474,0.92695183221063,0.990283420973561
"gene_587",437.427171712194,0.232514265025624,1.01822690135838,0.228352113576489,0.819372513792727,0.990283420973561
"gene_588",563.722341285777,0.503410996817462,0.578871564945605,0.869641950481306,0.38449610475621,0.980297576089689
"gene_589",548.663081035455,-0.386404492008769,0.637515812349248,-0.606109659593959,0.544441937020054,0.990283420973561
"gene_590",309.13210317665,-0.985719083905251,1.06567787221848,-0.924969082686525,0.35498198986695,0.980297576089689
"gene_591",530.180099081559,-0.280842991307452,0.605634809071969,-0.463716726813961,0.642850711556382,0.990283420973561
"gene_592",514.644662433926,0.553292579832254,0.981370999592987,0.56379552693296,0.572893296347437,0.990283420973561
"gene_593",611.742839917005,-0.486735252246881,0.468311950501088,-1.03933980699421,0.298646727677047,0.980297576089689
"gene_594",264.152071925422,-0.551164460003685,1.15145952266628,-0.478665944528758,0.632176296761972,0.990283420973561
"gene_595",223.042373639654,0.517929357188892,1.05426804802266,0.49126913991209,0.623236103463033,0.990283420973561
"gene_596",589.092581277341,0.836844316255421,0.848396449415639,0.986383567295485,0.323944925770692,0.980297576089689
"gene_597",491.510871147593,0.0387822220903511,0.664858679177915,0.0583315271424366,0.953484555232931,0.990283420973561
"gene_598",488.060018118294,1.71496626059199,0.707129890214486,2.42524928492531,0.0152978781921012,0.449937593885328
"gene_599",571.976084244845,-0.76869829815106,0.759750758444563,-1.01177694080203,0.31164471774458,0.980297576089689
"gene_600",256.960581593317,1.35832884185877,1.17273805731811,1.15825425241599,0.246760294422724,0.952742449508585
"gene_601",264.223782942731,-1.44283017719392,1.03166837099278,-1.39854067233396,0.161950767893561,0.852372462597692
"gene_602",448.617212732842,0.586003812277566,0.943686924286958,0.620972694646952,0.534617589147587,0.990283420973561
"gene_603",243.363760383897,0.365068433038328,0.918809618477896,0.397327613573639,0.691125887080412,0.990283420973561
"gene_604",547.324170805149,0.241386114932391,0.693821011013424,0.347908338174729,0.727909023054889,0.990283420973561
"gene_605",344.974275447271,-0.731176507527166,1.11904640651647,-0.653392480659744,0.513503285157621,0.990283420973561
"gene_606",399.717226536363,0.180079370405012,1.27448568389035,0.141295718485689,0.887636331836767,0.990283420973561
"gene_607",556.211165105767,0.558638771513337,0.797136441946773,0.700806966181379,0.483423490082175,0.990283420973561
"gene_608",374.246242685779,-0.35538012557883,1.12500006627613,-0.315893426349011,0.752083401658825,0.990283420973561
"gene_609",554.340572259955,0.745521388218788,0.609505873713932,1.22315702008919,0.221270395549795,0.94559998098203
"gene_610",360.962888816385,-0.0892910850391622,0.90406169198952,-0.0987665839956829,0.921323600839133,0.990283420973561
"gene_611",557.865986016909,0.178473744048399,0.552752589275893,0.322881787459739,0.746784769706174,0.990283420973561
"gene_612",388.674749248545,0.179750997556324,1.09370783139482,0.16435010557352,0.869455539366386,0.990283420973561
"gene_613",271.49003273407,0.590600260258563,1.36988041795708,0.431132712400791,0.666371876186516,0.990283420973561
"gene_614",575.18668649435,-1.6548683043604,0.559761761008049,-2.95637969514071,0.00311273637451554,0.311273637451554
"gene_615",550.53841952433,-0.751268729496563,0.604005691440986,-1.24381067950577,0.213569248948475,0.940208607710065
"gene_616",458.201058311162,-0.381708866222321,0.920504226739592,-0.414673670292994,0.678380809581435,0.990283420973561
"gene_617",479.702421222362,-1.15085969173362,0.794930085168149,-1.44774957346114,0.147687100192614,0.852372462597692
"gene_618",496.193604197265,0.0625401951700877,0.707131837992287,0.0884420581990112,0.929525334634917,0.990283420973561
"gene_619",439.163489609325,-1.30121952097659,1.015929324022,-1.28081697241019,0.200257961121979,0.91441991379899
"gene_620",421.109761947527,2.57623838300942,0.979977823658789,2.62887416512235,0.00856680543501164,0.35021204510868
"gene_621",531.300564238014,0.717564466152984,2.15807723157423,0.332501754642743,0.739510414989626,0.990283420973561
"gene_622",373.743866616848,-0.151874452077139,1.3664922783083,-0.111141829696365,0.911503878895632,0.990283420973561
"gene_623",315.39234123015,-0.49560761667039,1.21038308417875,-0.409463436120855,0.682199594406785,0.990283420973561
"gene_624",481.466683938273,-0.127008856298999,0.766512790207762,-0.165696982387696,0.868395420934524,0.990283420973561
"gene_625",414.5898916293,1.42048207791974,1.10370609463893,1.28701117518467,0.198090393065472,0.91441991379899
"gene_626",584.279230435563,0.243319207921704,0.62234871936027,0.390969243371816,0.69581997026912,0.990283420973561
"gene_627",316.252012742562,-0.558732927505345,0.965431528315196,-0.578739052038633,0.562765261318381,0.990283420973561
"gene_628",308.272071127704,-1.53541382308325,1.06050092721496,-1.44781940654733,0.147667563847271,0.852372462597692
"gene_629",337.824589048037,-0.788472537204473,0.914949212185078,-0.861766452939443,0.388816048932613,0.980297576089689
"gene_630",377.425817500573,-1.21044225299023,1.18354362046569,-1.0227271999607,0.306436847149262,0.980297576089689
"gene_631",577.373628554742,-0.541735861727434,0.54837472987606,-0.987893555652855,0.323204781894504,0.980297576089689
"gene_632",531.347966410285,-0.347664429789342,0.687896204095641,-0.505402454206602,0.613276195464069,0.990283420973561
"gene_633",325.052918368102,-0.57108533506424,0.909174749187843,-0.628135939294821,0.529914891379141,0.990283420973561
"gene_634",553.438389826761,-0.296853198132365,0.571251891064419,-0.519653768811575,0.603304914767582,0.990283420973561
"gene_635",412.476227700489,-0.168725974372431,1.31604222247743,-0.128207113336232,0.897985070900715,0.990283420973561
"gene_636",366.631780902459,-1.0062663206936,1.11755712583784,-0.900416003288603,0.367898907460257,0.980297576089689
"gene_637",570.883766650744,0.360453584688491,0.7671614274021,0.469853634207241,0.638459592297486,0.990283420973561
"gene_638",464.17622763166,0.116481628116774,0.818602777152526,0.142293223731723,0.886848398743964,0.990283420973561
"gene_639",488.902875883059,0.459145986322858,0.913702105974802,0.50251168659944,0.615307633832581,0.990283420973561
"gene_640",515.508839567134,-0.108037808068194,0.668826240676774,-0.161533446951592,0.871673270388069,0.990283420973561
"gene_641",239.69246810868,-0.880476284479472,1.1266629415507,-0.781490410315276,0.434514114716231,0.990283420973561
"gene_642",589.590146332327,-0.63418292685029,0.801927309817898,-0.790823456298428,0.42904702006643,0.990283420973561
"gene_643",570.228199732138,-0.83815672032263,1.81693893948149,-0.461301534195651,0.644582284396226,0.990283420973561
"gene_644",421.745031587198,-1.18044299719677,0.915449999640514,-1.28946747245651,0.197235617569703,0.91441991379899
"gene_645",455.75691492814,1.44063649894721,0.938103720164827,1.53568999672455,0.124614429628801,0.823609479440443
"gene_646",724.098949886741,0.138018203507627,0.262066913873682,0.526652531094226,0.598434905342147,0.990283420973561
"gene_647",598.204625440779,-0.369487131338745,0.702863179180849,-0.525688558290055,0.599104614805183,0.990283420973561
"gene_648",316.438900675705,-1.00569489304884,1.17555578722804,-0.855505884089324,0.392271148361043,0.980297576089689
"gene_649",413.745587991207,0.765436835145703,0.815673438228528,0.938410887582746,0.348033292876031,0.980297576089689
"gene_650",352.318545870138,0.29888231899116,1.27790390309847,0.233884815803814,0.815074401551822,0.990283420973561
"gene_651",575.516052664447,0.614991928117785,0.628956360333634,0.977797454487238,0.328174510268903,0.980297576089689
"gene_652",586.453260047437,-0.680311547526376,0.750356074245346,-0.906651616315074,0.364591056996767,0.980297576089689
"gene_653",396.333207117221,0.213376023631973,1.12955964715758,0.188901953224791,0.850169662686634,0.990283420973561
"gene_654",378.583009344153,-0.310109272055895,1.37580697605681,-0.22540172964139,0.821666766204453,0.990283420973561
"gene_655",426.947759399074,0.596304654582729,1.24676811414089,0.478280321592619,0.632450700471843,0.990283420973561
"gene_656",569.464914156324,-0.196887976714094,0.56129640220197,-0.350773630370159,0.725758181646593,0.990283420973561
"gene_657",400.539464563797,-0.394864916463906,1.06611127371754,-0.370378708300316,0.711100335892538,0.990283420973561
"gene_658",504.301086900237,0.521925342339684,1.00492275357905,0.519368618613556,0.60350371068477,0.990283420973561
"gene_659",322.790863279329,0.610351958209227,1.3717458363182,0.444945369652025,0.656359234268862,0.990283420973561
"gene_660",501.255202605822,0.0100398943447902,0.708179660988062,0.0141770441850623,0.988688734234065,0.996253317173007
"gene_661",537.99596944991,-1.19469461263885,0.648266718838007,-1.84290597977988,0.0653427390757718,0.731412590589378
"gene_662",411.205707792152,0.268456235679118,1.23792894988179,0.21685916280151,0.82831810360722,0.990283420973561
"gene_663",326.207865438723,1.46606159932952,0.990600133282341,1.47997314968224,0.13888041236966,0.852372462597692
"gene_664",538.669539176018,-0.313409693833256,0.788351252319101,-0.39755082891198,0.690961312042021,0.990283420973561
"gene_665",316.353963910227,-1.29119488691469,1.24852594163762,-1.03417545751681,0.301054145385892,0.980297576089689
"gene_666",327.26777106754,1.08420461405669,1.09644738945388,0.988834142417637,0.322744296565735,0.980297576089689
"gene_667",532.223122715826,-1.77854003583918,0.710478422585502,-2.50329915631624,0.0123041493088844,0.424281010651187
"gene_668",311.87309847341,0.661611411308023,0.988319130100741,0.669430947107726,0.503220615914148,0.990283420973561
"gene_669",439.450404215239,-0.217168354188818,0.781225544140983,-0.277984195239816,0.781024491158435,0.990283420973561
"gene_670",291.194756273606,0.902775552614134,1.11149238348708,0.812219288252668,0.41666581370993,0.987471577477955
"gene_671",316.131592455547,0.347915024889711,1.53568740311669,0.226553284336132,0.820771121414207,0.990283420973561
"gene_672",363.489037108968,-0.924638263983576,0.93402774213066,-0.989947324128012,0.322199866642681,0.980297576089689
"gene_673",209.770588764417,2.6857115700339,1.3309104342233,2.01795064564299,0.0435964016827164,0.649817661732443
"gene_674",458.275550918444,0.0318693214497569,0.99805948779959,0.0319312844968979,0.974526849933584,0.991916096182403
"gene_675",350.51303114296,0.615435551028506,1.19542494309915,0.514825756799906,0.606674785013731,0.990283420973561
"gene_676",411.683251793109,-0.995552491214172,1.19202137034354,-0.835180069739234,0.403616329462305,0.980297576089689
"gene_677",580.905691861834,-0.0261481861746945,0.600144448866493,-0.0435698209390776,0.965247308245621,0.991242408647407
"gene_678",505.018908957213,0.801459788740949,0.75520958303065,1.06124155035837,0.288580140972796,0.980297576089689
"gene_679",336.94356751273,-1.25292260895342,0.968920625003271,-1.29311171278782,0.195972424698496,0.91441991379899
"gene_680",289.947097631731,-0.33999244653128,1.02477737033794,-0.331772008606281,0.740061422121126,0.990283420973561
"gene_681",447.814653331903,0.160095034681973,0.87931557876006,0.182067779246816,0.855529534511394,0.990283420973561
"gene_682",550.512339349553,-0.0108108219685784,0.662115138383429,-0.0163277069830684,0.986972953509574,0.996253317173007
"gene_683",637.955894151058,-0.771838751192248,0.661814710254284,-1.16624598884436,0.243515003590487,0.952331951091935
"gene_684",660.998961152294,0.549136618945854,0.467666693884411,1.17420510403416,0.240312882137225,0.952331951091935
"gene_685",439.460098172124,-0.835031783709663,0.877354547332468,-0.951760934332097,0.341218238450472,0.980297576089689
"gene_686",299.645772750394,0.392460492600502,1.43820259415139,0.272882620429477,0.78494344657347,0.990283420973561
"gene_687",454.779202398381,-0.046324556838251,0.869002472131075,-0.0533077388429612,0.957486714265925,0.990283420973561
"gene_688",581.283879126513,1.28485048000576,0.660625768042243,1.94489912770645,0.0517871200549788,0.681409474407616
"gene_689",455.827559406512,-0.525936257302105,1.062446444322,-0.495023782246013,0.620583333092313,0.990283420973561
"gene_690",545.657058385482,0.0754785099442453,0.817172969716717,0.0923654021135952,0.92640772700119,0.990283420973561
"gene_691",205.413612218938,-0.395916895781553,1.19886801306163,-0.33024227143276,0.741216908815696,0.990283420973561
"gene_692",271.649553866364,-0.489781456665764,1.14953817547885,-0.426068022022619,0.670058280874079,0.990283420973561
"gene_693",278.263779529596,-0.796027894333329,1.02766278378657,-0.774600293882643,0.438575883604214,0.990283420973561
"gene_694",399.518633793772,-0.342825596172478,1.08351002447553,-0.316402791324815,0.751696798542086,0.990283420973561
"gene_695",429.424517089145,-0.477230709620737,0.996896119891244,-0.478716588517568,0.632140262993004,0.990283420973561
"gene_696",552.081654668962,-0.398745475113911,0.900429355284848,-0.442839266371728,0.657881999263012,0.990283420973561
"gene_697",422.620557590184,-0.460008224903214,1.05734900597385,-0.435058076665552,0.663520272683744,0.990283420973561
"gene_698",511.437106128976,1.071542752409,0.86520751718821,1.2384806316655,0.2155378993482,0.940208607710065
"gene_699",350.718043184026,-0.444538748703392,1.15697981177287,-0.384223427392578,0.700812855944559,0.990283420973561
"gene_700",354.157812846461,0.962074184050539,1.1893625637662,0.808898996285926,0.418573246309454,0.987471577477955
"gene_701",441.065552598083,-1.8107649912458,1.32664251960778,-1.36492307798272,0.172277227962832,0.878965448789959
"gene_702",265.578894592038,1.30482498092476,1.14165566181668,1.14292340901497,0.253070392362968,0.953218358162262
"gene_703",322.098210368122,1.0113293192376,1.42323496225235,0.710584932256803,0.477341482986844,0.990283420973561
"gene_704",569.16363006604,-1.19583197010021,0.704728336892651,-1.69686942825795,0.0897213490371118,0.754181605292657
"gene_705",517.944721159887,-0.00719720154668083,0.840980416747693,-0.00855810837369368,0.993171700811213,0.996253317173007
"gene_706",648.648441668565,0.244905923991104,0.375059295725713,0.652979213639349,0.513769679230735,0.990283420973561
"gene_707",395.436963223667,0.737727314974715,1.03755962479772,0.711021610077146,0.477070844571768,0.990283420973561
"gene_708",471.653807626553,0.268165700388869,0.801261227415126,0.334679491798166,0.737866873340718,0.990283420973561
"gene_709",603.642753796021,0.414049154776358,0.695039809965228,0.595720056376443,0.551362257329301,0.990283420973561
"gene_710",428.386967955092,-0.217162849807509,0.798066595345133,-0.272111188557635,0.785536526815193,0.990283420973561
"gene_711",520.017325075667,0.683723553792591,0.719863881300696,0.949795609354918,0.342216117288555,0.980297576089689
"gene_712",295.816089061134,0.364621218656313,1.16653901211535,0.312566673612676,0.754609900895348,0.990283420973561
"gene_713",469.662055687212,0.92859360989895,1.00185756815839,0.926871882203659,0.353993057675316,0.980297576089689
"gene_714",573.344245069966,-0.682063568473017,0.579413323853158,-1.17716238200603,0.239130700122399,0.952331951091935
"gene_715",354.040070300891,-0.167403237064498,1.15314280382145,-0.14517129752684,0.884575627095457,0.990283420973561
"gene_716",551.8792152367,-0.177148675216391,0.752535592321426,-0.235402387639795,0.813896433071453,0.990283420973561
"gene_717",297.29084778938,0.471197883314854,1.45024912413005,0.324908235057552,0.745250524077187,0.990283420973561
"gene_718",382.833705042943,1.24100385306791,1.44980308015946,0.855980974279224,0.392008303258218,0.980297576089689
"gene_719",580.161932035254,-1.49183034812051,0.929561166314033,-1.60487593735873,0.108521110012609,0.814442135298758
"gene_720",281.742106344867,2.26739361018804,0.919822613127702,2.46503355954487,0.0137000419297718,0.441936836444252
"gene_721",668.95555410865,0.541241741431503,0.394675529865942,1.37135875035208,0.170263149618808,0.877645101127874
"gene_722",324.170577624703,-1.54841335109915,0.997353734547343,-1.55252173573292,0.120537436024216,0.814442135298758
"gene_723",483.069737531071,-0.542665685115054,0.69921407590672,-0.776108067348817,0.437685180751873,0.990283420973561
"gene_724",657.942466315428,0.598099053525249,0.478057985591351,1.25110148047294,0.210897455486854,0.937322024386017
"gene_725",360.914528137559,0.450952540736162,1.2914680086037,0.349178251208654,0.726955492877063,0.990283420973561
"gene_726",646.01240011859,-0.136775461389199,0.421840130615479,-0.324235300206358,0.745759898696018,0.990283420973561
"gene_727",490.116434105142,0.181790003226511,0.855536697697207,0.212486505506805,0.831727504468764,0.990283420973561
"gene_728",350.222647341716,-1.98206645635178,0.879874484771253,-2.25266954623315,0.024279992488807,0.552391731372255
"gene_729",393.715696642294,-1.14093066896797,0.983043985297553,-1.16060998900535,0.245800541345609,0.952742449508585
"gene_730",111.167587642671,0.353806882176504,1.18048492316622,0.299713173148834,0.764395949564719,0.990283420973561
"gene_731",588.112885374382,-0.163301347904844,0.624073629820569,-0.261670001906338,0.793575869896045,0.990283420973561
"gene_732",608.697935344984,0.122767113749368,0.51349295396616,0.23908237260342,0.811041710094415,0.990283420973561
"gene_733",374.085739243013,0.577366004453946,1.35546080215995,0.425955515300703,0.670140261143675,0.990283420973561
"gene_734",529.224516278556,-1.78373449403276,0.739563939614656,-2.41187326543011,0.0158707971493136,0.453451347123247
"gene_735",468.636718140149,0.0584799917043138,0.952786334874259,0.0613778657016859,0.951058279729703,0.990283420973561
"gene_736",505.503580914165,0.586933250520702,0.713646574094209,0.822442469181139,0.410825116932918,0.987471577477955
"gene_737",591.167265031971,0.514493071316934,0.607166895069986,0.847366803912506,0.396790701552185,0.980297576089689
"gene_738",601.80992045694,-0.947847493019265,0.662185622521897,-1.4313924385876,0.152317774272698,0.852372462597692
"gene_739",625.252731588728,0.297726825013271,0.555091599632156,0.536356207174756,0.591712391446467,0.990283420973561
"gene_740",387.606625922435,0.0918335207254589,1.66372765903769,0.0551974478675048,0.955981162144507,0.990283420973561
"gene_741",503.001803807541,0.0499393769975062,0.951201842358529,0.0525013459537465,0.958129222899643,0.990283420973561
"gene_742",298.899748140376,-2.21079010537088,1.17581750547087,-1.88021533535984,0.0600787364235396,0.706808663806348
"gene_743",357.565959914751,0.744716694695564,1.32480688737863,0.562132263796665,0.574025907602995,0.990283420973561
"gene_744",171.246753868636,-1.8151140088569,1.57440662928189,-1.15288768168158,0.248956488785594,0.953218358162262
"gene_745",422.999323205203,1.66901639300726,0.875880124571105,1.90553061564736,0.0567111316482236,0.706100028890294
"gene_746",444.475935378382,1.46624103328344,1.30404093009007,1.12438267806683,0.260850717315367,0.953218358162262
"gene_747",432.575527073124,-2.19985097340741,0.898451689862352,-2.4484911077906,0.0143455970970214,0.448299909281918
"gene_748",215.801621333405,-2.71470047828375,1.25850544620475,-2.15708282111168,0.0309992118782701,0.584399002964482
"gene_749",548.18819449788,-0.912492938746375,0.737880905542559,-1.23663985867127,0.216220815378901,0.940208607710065
"gene_750",473.283843461761,-0.669825128972254,0.801287196171583,-0.835936393558473,0.403190687096103,0.980297576089689
"gene_751",619.146575998213,0.319993152261965,0.593211192513103,0.539425345139449,0.589593396586066,0.990283420973561
"gene_752",363.114032462939,-0.896815705268008,1.07440756840239,-0.834707174114141,0.403882601348952,0.980297576089689
"gene_753",443.120547059134,0.170843529838894,1.1356207478411,0.150440655618242,0.880416967693467,0.990283420973561
"gene_754",290.945611860086,-0.149456311698934,1.29436539392011,-0.115466863067384,0.908075084206999,0.990283420973561
"gene_755",404.929825440369,-2.27697657187672,1.13423823772951,-2.0074941014462,0.0446970780740817,0.649817661732443
"gene_756",437.630923924549,0.010166508410944,0.772043776050241,0.0131683056405889,0.989493515883192,0.996253317173007
"gene_757",461.638388670436,-0.971284830272998,0.924686978189904,-1.05039310943289,0.293537412376486,0.980297576089689
"gene_758",487.319771547122,-0.486888064005167,2.2729184854229,-0.214212725677479,0.830381172754465,0.990283420973561
"gene_759",426.220875757407,1.58014869422605,1.09605808787009,1.44166510125086,0.14939687328217,0.852372462597692
"gene_760",362.315442445653,-1.17148548237459,1.227585818437,-0.954300273577745,0.339931669605942,0.980297576089689
"gene_761",513.431445601472,-0.0793590164174028,0.635571035604964,-0.124862544029977,0.900632371780775,0.990283420973561
"gene_762",320.346363884885,2.22333133798875,1.2517002512486,1.77624901470694,0.0756918827154865,0.746955282776615
"gene_763",322.055058409356,-0.0470458238360989,1.24487228090885,-0.0377916871936067,0.969853772297732,0.991916096182403
"gene_764",501.716205162558,0.408041522586465,0.715666460848319,0.570155994320023,0.568571899863482,0.990283420973561
"gene_765",531.263356200247,0.504336699138318,0.595865729155556,0.846393196422037,0.397333432662268,0.980297576089689
"gene_766",522.377714006676,0.12403641309865,0.879873817156652,0.140970683159408,0.887893102474318,0.990283420973561
"gene_767",430.44291873246,-0.168609330293061,1.05865827229055,-0.15926700306063,0.873458516632936,0.990283420973561
"gene_768",441.267552137543,0.712878945684639,0.88493341520871,0.805573541955705,0.420488786363026,0.987471577477955
"gene_769",615.953450854115,0.0192573579659635,0.428666313243221,0.0449238892141196,0.964167975224919,0.991242408647407
"gene_770",531.524504467957,-0.876806310748594,0.654061669546219,-1.34055602334397,0.180064643453547,0.891786022659504
"gene_771",531.191770385509,-0.961781907499288,1.07011326750329,-0.898766454641989,0.368777071507445,0.980297576089689
"gene_772",604.219404376281,-0.17005363284431,0.572155913714027,-0.297215546965937,0.766301953133117,0.990283420973561
"gene_773",471.219781177979,0.665494679303043,0.899359690858812,0.739964984051656,0.459321241531829,0.990283420973561
"gene_774",426.461226130348,-1.42392998279498,0.903812739136038,-1.57547014014886,0.115147965538046,0.814442135298758
"gene_775",220.814812068415,0.581131760143229,1.1828443821994,0.491300266449812,0.623214091434052,0.990283420973561
"gene_776",520.150241907643,1.21942550669148,0.64201826704778,1.89936263386838,0.0575168128882676,0.706100028890294
"gene_777",473.702265304231,1.52271620096585,0.709443018127638,2.14635448099074,0.0318447080216588,0.584399002964482
"gene_778",170.606390739075,-2.59178728977559,0.947269623295735,-2.73606080680415,0.00621795350076611,0.327260710566638
"gene_779",358.012200193283,-1.9428625385344,0.906760693301566,-2.14264088958281,0.0321419451630465,0.584399002964482
"gene_780",501.006050875833,-0.371072355424409,0.726902242624383,-0.510484537899762,0.609712044365192,0.990283420973561
"gene_781",182.012063631335,-0.0633149134554912,1.01781341821741,-0.0622067977511837,0.950398149153853,0.990283420973561
"gene_782",405.146739078891,-0.554587034207968,1.33797605481182,-0.414496980131656,0.678510178201342,0.990283420973561
"gene_783",384.797648432461,0.487690840341518,1.41321762007895,0.345092527444056,0.730024811024554,0.990283420973561
"gene_784",504.325722106927,-0.314375483269673,1.04174512847689,-0.301777733032755,0.762821506430057,0.990283420973561
"gene_785",582.386123700638,0.842487949119695,0.758999490374539,1.10999804321866,0.266999869695433,0.953570963197974
"gene_786",271.312654494967,0.386164211300726,1.22189134761142,0.316038092957781,0.751973594765135,0.990283420973561
"gene_787",540.835990464431,0.140210828125787,0.812130661546894,0.17264565268195,0.862929965020636,0.990283420973561
"gene_788",137.020414029528,-0.73018720643027,1.49208089682866,-0.48937507877907,0.624576176234834,0.990283420973561
"gene_789",549.290305012044,0.673563612195503,0.643842434903444,1.0461621907486,0.29548615597759,0.980297576089689
"gene_790",709.947103285272,-0.26857982857088,0.292164946646117,-0.919274648290357,0.357951934628405,0.980297576089689
"gene_791",325.780158098126,-1.96610693222557,1.04336698418172,-1.88438676135371,0.0595126792456403,0.706808663806348
"gene_792",320.606813028511,0.593251647258423,1.2286404438665,0.482852123434481,0.629200738049888,0.990283420973561
"gene_793",421.503927725665,0.430695864991441,0.893808040915948,0.481866178503022,0.629901013630116,0.990283420973561
"gene_794",588.056176581167,0.0212323971871752,0.57917517137039,0.0366597158109128,0.970756329162027,0.991916096182403
"gene_795",547.080337965735,0.178757740039113,0.676733505204136,0.264147908540734,0.791665948753601,0.990283420973561
"gene_796",450.336719669396,0.814460349137709,0.808270404820969,1.00765825926549,0.313618549963648,0.980297576089689
"gene_797",372.339369361321,0.331115313319732,1.06989321185365,0.309484451019235,0.756953038288366,0.990283420973561
"gene_798",587.880376951458,0.208395808565752,0.649274781451351,0.320967045878351,0.748235364267214,0.990283420973561
"gene_799",437.970405872906,0.104035791070706,0.866226548549662,0.120102288766022,0.904402119344053,0.990283420973561
"gene_800",438.023484539402,0.661230289053403,0.883366818301576,0.748534216312008,0.454137994537272,0.990283420973561
"gene_801",369.277704084548,0.7405083996261,1.13182451712309,0.654260787271467,0.512943804538603,0.990283420973561
"gene_802",496.509045910443,-0.214649635892912,0.715131381716357,-0.300154127452413,0.764059593675753,0.990283420973561
"gene_803",199.205280225849,0.753274727289456,0.939604554675537,0.801693354444813,0.422730360918893,0.987471577477955
"gene_804",268.85000884947,-0.506942433898612,1.32751114386324,-0.381874333968557,0.702554578687176,0.990283420973561
"gene_805",465.14474384428,0.482059713182023,0.79738971897099,0.60454718905093,0.545479905670338,0.990283420973561
"gene_806",537.902869799648,0.47408997524645,0.996192477268603,0.475901982864122,0.634144209479583,0.990283420973561
"gene_807",592.306945611562,-0.198246262412941,0.63957310351417,-0.30996654068732,0.756586400712901,0.990283420973561
"gene_808",533.47146467896,0.359904519100977,0.640054358420667,0.562303051867408,0.573909559366281,0.990283420973561
"gene_809",563.180398632759,-0.765071636418813,0.571634489367922,-1.33839306523436,0.180768338319905,0.891786022659504
"gene_810",517.124586282814,-0.0330870049769427,0.786908013614163,-0.0420468522425875,0.966461348431222,0.991242408647407
"gene_811",268.466606570513,1.51172675302681,1.57446396638045,0.960153287281725,0.336978072856052,0.980297576089689
"gene_812",521.444449819861,-0.267631391145424,0.64030349849889,-0.417975837665813,0.675964783310123,0.990283420973561
"gene_813",561.555653143079,0.262941073934959,0.613604198905287,0.428519026440928,0.668273284342704,0.990283420973561
"gene_814",531.482946343754,-0.90892580512737,1.12937434511449,-0.804804721356789,0.420932376721592,0.987471577477955
"gene_815",517.285089355664,-0.20540880110928,0.822775172370187,-0.249653621070692,0.802855227603674,0.990283420973561
"gene_816",276.680962927461,0.105286698910785,1.11856146658621,0.0941268781876724,0.925008369457574,0.990283420973561
"gene_817",245.385236176236,-2.19307346232862,1.04695997819548,-2.09470610911848,0.0361971258373962,0.585184654952369
"gene_818",395.981318751536,1.08411946474141,1.06187782581319,1.02094557244491,0.307280226125288,0.980297576089689
"gene_819",545.080450620181,0.103689490475378,0.644538080083571,0.160874110745999,0.872192553318708,0.990283420973561
"gene_820",358.820852098857,0.896305617208069,1.43715723693413,0.623665660356096,0.532847179492628,0.990283420973561
"gene_821",698.007363465342,-0.179845591873864,0.353109171040196,-0.509320081786806,0.610527884011611,0.990283420973561
"gene_822",398.332309235474,0.600426840188389,0.870989397414167,0.689361824576698,0.490595600805945,0.990283420973561
"gene_823",349.404457579111,0.244237733025598,1.16230997529467,0.210131323155579,0.833565178859099,0.990283420973561
"gene_824",729.074394756847,-0.361540073116082,0.257391889911362,-1.40462884530117,0.1601316744845,0.852372462597692
"gene_825",490.971895932318,-0.443318253235561,0.905826451648747,-0.489407493486916,0.624553231947273,0.990283420973561
"gene_826",448.138337827844,0.171251471272678,1.07800438540393,0.158859716705615,0.873779398993323,0.990283420973561
"gene_827",380.22627296577,1.32691706988501,1.16491584955422,1.13906688658479,0.254675257495291,0.953218358162262
"gene_828",362.362305483103,-0.392999133648793,1.2383607158427,-0.317354328687144,0.750974757808324,0.990283420973561
"gene_829",488.857710104504,0.124089178262718,0.717721672004259,0.172893174475553,0.862735396840372,0.990283420973561
"gene_830",457.147869607809,-1.39560594271253,0.770014571004416,-1.81244095276286,0.0699180898514683,0.745019449093403
"gene_831",513.063580199642,0.754573073690526,2.22312324745126,0.339420261362306,0.734293157216806,0.990283420973561
"gene_832",437.337934535807,-0.839218457454565,0.91440634043919,-0.917774101447599,0.35873714368901,0.980297576089689
"gene_833",583.02007092721,-0.142598085244873,0.568387752078259,-0.250881699550133,0.801905573656067,0.990283420973561
"gene_834",486.070645852669,0.453919869017868,0.819296759066433,0.554035963153446,0.579554233698784,0.990283420973561
"gene_835",295.11342204751,-0.114775359710664,1.32454710861529,-0.0866525312419066,0.930947709003377,0.990283420973561
"gene_836",486.071441830484,0.566284486008081,0.779891183671361,0.726107049117135,0.467773147991919,0.990283420973561
"gene_837",548.987954020099,-0.273721545725942,0.661725650111714,-0.41364808161771,0.679131854934014,0.990283420973561
"gene_838",336.633695286457,-0.812448796192113,1.1995314520155,-0.677305121784849,0.498212381920307,0.990283420973561
"gene_839",595.164550580526,0.25198549771085,0.624571959241874,0.403453107335651,0.686614924868112,0.990283420973561
"gene_840",499.782857559777,0.671108583849227,0.919161151381923,0.730131580126337,0.465309759478198,0.990283420973561
"gene_841",386.008892358359,-1.53760074991981,1.3455280578788,-1.14274893111022,0.25314284764016,0.953218358162262
"gene_842",422.028883832277,-0.808313853979293,0.822821092105976,-0.982368903439808,0.325918140316287,0.980297576089689
"gene_843",597.620499517718,0.707593598066653,0.493168994736884,1.43478930268958,0.151347147136958,0.852372462597692
"gene_844",406.368992113029,0.0816704709573712,1.09645108472813,0.0744861965069984,0.940623524246363,0.990283420973561
"gene_845",375.687713037613,-0.63360535191424,1.1438132824357,-0.553941243421309,0.579619057919111,0.990283420973561
"gene_846",366.710774472019,2.30879514931601,1.20845322687562,1.91053745231437,0.0560640489793447,0.706100028890294
"gene_847",612.037231614584,-0.317471404892354,0.481518989503434,-0.659312325812417,0.509695228979391,0.990283420973561
"gene_848",198.362105132322,1.41644633908795,1.29385923326519,1.09474531902006,0.273628228249427,0.965875484655024
"gene_849",367.878934012204,-0.515426173007949,0.975395705576551,-0.528427765327594,0.597202470664952,0.990283420973561
"gene_850",332.976635209962,1.34704410198056,1.07634464808665,1.25149886179591,0.210752528667213,0.937322024386017
"gene_851",670.384564773745,0.557138962444086,0.455146480669338,1.22408715898398,0.220919349615966,0.94559998098203
"gene_852",454.262114024913,-1.71029632381886,0.742796006272711,-2.30251146933461,0.0213063453749054,0.519666960363546
"gene_853",552.825929551652,-0.466894592423745,0.62541818946418,-0.746531841077011,0.45534620444918,0.990283420973561
"gene_854",190.97911449064,-3.32837473251018,1.18372123897583,-2.81178931569221,0.00492667617320668,0.318274447926018
"gene_855",529.641052099171,0.287750124471799,0.609865798537322,0.471825318228908,0.637051477726277,0.990283420973561
"gene_856",337.159786402329,-0.983687947940074,1.01082434111595,-0.973154194975239,0.330476672224592,0.980297576089689
"gene_857",690.767671684959,-0.703054417207425,0.320162169656212,-2.19593219886772,0.0280967966608061,0.57340401348584
"gene_858",328.293987173183,1.17967240579002,1.18620301036914,0.994494530428575,0.319982166927748,0.980297576089689
"gene_859",292.501951940849,-0.338493542421267,1.17984968019869,-0.2868954817738,0.77419235015787,0.990283420973561
"gene_860",729.969150244132,-0.298404780058382,0.205385039940401,-1.45290416548827,0.146250364259009,0.852372462597692
"gene_861",482.172599478101,0.250895747579485,0.7240659592626,0.346509519429696,0.728959831360045,0.990283420973561
"gene_862",323.912825861542,0.00753638963187729,1.26714320513945,0.00594754373563316,0.995254574655529,0.996382294416592
"gene_863",363.730267881626,0.299327372808591,1.32267656351071,0.226304284105634,0.8209647665854,0.990283420973561
"gene_864",522.231269857961,-0.365757056586831,0.696746553178191,-0.524949933255414,0.599617996119835,0.990283420973561
"gene_865",557.341331163868,0.332009999072753,0.553062742271526,0.600311635003887,0.548298566018403,0.990283420973561
"gene_866",405.789784733307,1.4401925213346,0.832686052960038,1.7295744491156,0.0837063343728083,0.746955282776615
"gene_867",290.380426584729,0.39111217347439,1.16055761953639,0.337003666936097,0.736114135823669,0.990283420973561
"gene_868",600.977590613175,0.79160041373793,0.763782034618627,1.03642188197474,0.300005366190098,0.980297576089689
"gene_869",380.08611701741,-0.476384587726956,1.45525800992768,-0.327354039268012,0.743400124405361,0.990283420973561
"gene_870",540.44813102416,0.0145964375658552,0.651949455462587,0.0223889098204682,0.982137726817122,0.994681447656825
"gene_871",252.683543692955,0.766821228803871,1.15757665532065,0.662436673441257,0.507691406955668,0.990283420973561
"gene_872",416.442038108423,-0.125296052129956,1.15437372936463,-0.108540283742353,0.913567127443962,0.990283420973561
"gene_873",284.971739827891,-1.83283000528348,1.2974307857751,-1.41266110329618,0.157755393521768,0.852372462597692
"gene_874",302.051193006135,-0.925463454327519,0.971011698672863,-0.953091971592517,0.340543473520277,0.980297576089689
"gene_875",594.747955715071,0.544088935761406,0.648905396728193,0.838471892058109,0.401765727523263,0.980297576089689
"gene_876",582.231872214978,-0.638188805195665,0.715354996187814,-0.892128815198924,0.372323891569293,0.980297576089689
"gene_877",168.641810773148,-0.349808283462182,1.54345928616532,-0.226639138847174,0.820704355688737,0.990283420973561
"gene_878",392.810391693901,0.189133995634278,1.06047580518194,0.17834824209104,0.858449494361198,0.990283420973561
"gene_879",459.517629980291,-2.68758285247434,0.947788322074475,-2.83563617516608,0.00457345131599532,0.318274447926018
"gene_880",601.100037429626,0.834178281379521,0.518451905391478,1.60897910240997,0.107620911193728,0.814442135298758
"gene_881",513.385277353051,0.516134255204715,0.905169289410544,0.570207431077149,0.56853701656746,0.990283420973561
"gene_882",422.604912015774,-0.321836174708264,1.10596680882899,-0.290999849307438,0.771051434757618,0.990283420973561
"gene_883",473.11132829694,0.100034098073719,0.891094435792994,0.112259816755222,0.910617401933834,0.990283420973561
"gene_884",390.306320895588,1.80280375825519,0.872189570567289,2.06698614509069,0.0387354594992678,0.605241554676059
"gene_885",423.365405981065,0.504585896629137,1.19783438705837,0.421248464796785,0.673573657830048,0.990283420973561
"gene_886",634.00660496565,-0.587723718652161,0.585084997921563,-1.00450997844753,0.315132864002911,0.980297576089689
"gene_887",385.483606412045,0.860644791550896,0.918680762267258,0.936826835719154,0.348847638914099,0.980297576089689
"gene_888",247.002612300794,-0.676055349729135,1.15214332991702,-0.586780595933168,0.557351070406562,0.990283420973561
"gene_889",409.657663827677,1.12808091629448,0.82000360091345,1.37570239330394,0.16891379068704,0.875200988015751
"gene_890",434.060126684775,0.470547265402689,0.931422438009065,0.505192108543674,0.613423912447093,0.990283420973561
"gene_891",439.497682005949,-0.32038278931363,0.984870090078035,-0.325304618894706,0.744950535446984,0.990283420973561
"gene_892",666.356896801422,-0.451487720245948,0.475035769290823,-0.950428892796789,0.341894368816278,0.980297576089689
"gene_893",268.263811218474,-1.66515294010086,1.14739946833781,-1.45124081547039,0.146712815185831,0.852372462597692
"gene_894",320.989514361871,-2.87520160324602,1.33238422438111,-2.15793729063518,0.0309327077001891,0.584399002964482
"gene_895",480.800202039239,-2.18560250545024,1.04275730607187,-2.09598388112335,0.0360836208505652,0.585184654952369
"gene_896",503.947769792854,-0.440899871037749,0.657246583713352,-0.670828699552496,0.502329662232507,0.990283420973561
"gene_897",319.053359099921,1.32577023821697,1.27754151295078,1.03775120008022,0.299385901443505,0.980297576089689
"gene_898",447.036679386895,-0.549931820673777,0.92469843357603,-0.594714774791019,0.55203414401243,0.990283420973561
"gene_899",356.104156954917,3.13874099508031,0.962454281655725,3.26118451016778,0.00110947819922324,0.140361522106664
"gene_900",368.730971529585,-1.97495760897023,0.976555343999113,-2.02237141100733,0.0431379962643512,0.649817661732443
"gene_901",631.192890291724,0.128310959712919,0.514729980514036,0.249278193558458,0.80314559802756,0.990283420973561
"gene_902",332.186708472408,-0.247676400899133,1.05888750159827,-0.233902468888615,0.815060696478582,0.990283420973561
"gene_903",525.706941603369,0.440293977638558,0.812282091299556,0.542045654280201,0.587787055485216,0.990283420973561
"gene_904",479.045209893864,-1.01584187690295,0.716089209001399,-1.41859682304048,0.156016592630959,0.852372462597692
"gene_905",525.169843373058,-0.0946436394813833,0.667993552115649,-0.141683462634678,0.887330038058406,0.990283420973561
"gene_906",454.702696890001,-0.0858133454460051,0.75958732065011,-0.11297364123003,0.91005145265485,0.990283420973561
"gene_907",584.278884638477,-0.0654211216334214,0.592117086381271,-0.110486799212708,0.912023318474802,0.990283420973561
"gene_908",623.107705753387,-0.445884264719197,0.493133903631446,-0.904184971740329,0.36589732760521,0.980297576089689
"gene_909",584.97832497001,-0.288739680767186,0.629170201397307,-0.458921417648088,0.646290597905902,0.990283420973561
"gene_910",473.832032774456,1.09594044255684,0.966621592864084,1.13378435847847,0.256885013666362,0.953218358162262
"gene_911",243.515391661754,4.17784953654398,1.19062437720111,3.50895682680811,0.000449867923731522,0.140361522106664
"gene_912",379.326971457126,0.838314616487129,1.14770992942231,0.73042377258955,0.465131191633895,0.990283420973561
"gene_913",606.244709556593,-0.166790878036841,0.508137909201869,-0.328239391347162,0.742730666244301,0.990283420973561
"gene_914",336.864891854868,-1.89805926739322,1.22000612451199,-1.55577847459779,0.11976077839343,0.814442135298758
"gene_915",544.738726743997,0.715116215312149,0.635335571500801,1.12557244925369,0.26034653512513,0.953218358162262
"gene_916",501.203726858211,0.235439203837816,0.967854591339749,0.243258859279585,0.807804872782235,0.990283420973561
"gene_917",389.525604121878,0.705500075567293,1.11341586292367,0.633635732218463,0.52631857583623,0.990283420973561
"gene_918",431.151129840422,-0.721848369701741,1.20807771805365,-0.597518155425233,0.550161489266146,0.990283420973561
"gene_919",621.001673888978,0.403452636332053,0.515322952264382,0.782912219529988,0.433678661291899,0.990283420973561
"gene_920",468.543085920395,1.82828647042836,0.77223409194509,2.36752882254045,0.0179073251598041,0.471245398942214
"gene_921",409.793604029745,-2.57438327834898,0.889779134164022,-2.89328348969174,0.00381237029258593,0.317697524382161
"gene_922",362.335424325014,1.07745959893416,1.15945171910371,0.929283713311552,0.352742073390623,0.980297576089689
"gene_923",674.490537635148,0.34021049788481,0.449178544911124,0.757405939662867,0.448806698725223,0.990283420973561
"gene_924",374.67577200275,-1.98418373987652,0.935623350934036,-2.12070780180476,0.0339463995686188,0.585184654952369
"gene_925",506.855039741999,-0.27854774975374,0.67700207917945,-0.411442975317519,0.680747747197342,0.990283420973561
"gene_926",361.676958518465,-0.882943116698602,1.06376594552759,-0.83001633997664,0.406529545276318,0.98433303940997
"gene_927",547.462012476325,0.899157912655254,0.586216488484245,1.53383251805177,0.125070860875238,0.823609479440443
"gene_928",468.095643515195,1.24313393820652,0.97052760010471,1.28088468382805,0.200234173293413,0.91441991379899
"gene_929",299.395718773171,0.0154354323502529,1.37745250406838,0.0112057819087508,0.991059266737648,0.996253317173007
"gene_930",713.346032663275,-0.225238022890663,0.255691387271262,-0.880897965685913,0.3783730486637,0.980297576089689
"gene_931",581.527961668201,-0.209588290792117,0.592190862767324,-0.353920169947752,0.723398710698873,0.990283420973561
"gene_932",359.469764097009,0.623420257437856,1.09956975837369,0.566967445848931,0.570736299317237,0.990283420973561
"gene_933",453.400763574133,0.636571193212029,1.1610841751904,0.548255851568766,0.583516236916215,0.990283420973561
"gene_934",161.396606909013,-2.74031010785777,1.59119727382373,-1.72216867948287,0.0850389667501832,0.746955282776615
"gene_935",409.148725996689,-0.247371080249222,1.3171521346078,-0.187807523329779,0.851027537950102,0.990283420973561
"gene_936",329.626653988966,1.86706422584325,0.948229233646906,1.96900091200783,0.0489529863528089,0.673842017538735
"gene_937",391.398023203585,-0.35126220978524,0.918712779683183,-0.382341704124734,0.702207924765004,0.990283420973561
"gene_938",460.536196754957,-2.02796235199559,1.05109759555027,-1.92937588343917,0.0536842154105528,0.693560769680148
"gene_939",421.741763706349,-0.596119013440197,0.964686022404457,-0.617940966900697,0.536614252970165,0.990283420973561
"gene_940",450.44797853777,0.703115386482665,1.19182097650394,0.589950504601093,0.555223833013486,0.990283420973561
"gene_941",601.382474555176,-0.283867326232321,0.585397313618257,-0.484913954383866,0.627737383389733,0.990283420973561
"gene_942",373.881405372876,0.229085696096808,1.20024091834251,0.190866427394566,0.848630243642901,0.990283420973561
"gene_943",158.278109884153,-0.40084406241839,1.30867805302756,-0.306296924206117,0.759378580880728,0.990283420973561
"gene_944",341.935655489826,-1.22078305040853,1.09558307989079,-1.11427702089943,0.265160361953315,0.953570963197974
"gene_945",160.479878377754,1.80571036591637,0.982665975608219,1.8375627229779,0.0661268659889839,0.731412590589378
"gene_946",548.702277721327,0.580467441871319,0.790997850470532,0.733841996569299,0.463045041652255,0.990283420973561
"gene_947",417.724398832201,1.31902281533289,0.936404719762014,1.40860333944934,0.158952490857568,0.852372462597692
"gene_948",578.462744605476,0.70810960216603,0.580738835778666,1.21932538094612,0.222720718998143,0.947747740417631
"gene_949",312.051689533163,-2.9349211447096,1.04776306607347,-2.80113056066036,0.00509239116681628,0.318274447926018
"gene_950",285.663840892609,0.382049899079826,0.943259217448963,0.405031715579814,0.685454198257348,0.990283420973561
"gene_951",341.331197832657,0.283283872547663,1.29942872045947,0.218006473219629,0.827424067828561,0.990283420973561
"gene_952",549.943566378386,0.778580399034865,0.7771177282429,1.00188217401149,0.316400503044356,0.980297576089689
"gene_953",591.447899425425,0.369101405488844,0.695692001742503,0.530552894908026,0.595728645334111,0.990283420973561
"gene_954",128.829831384426,-0.207562742913528,1.15242329584504,-0.180109811786934,0.857066359883198,0.990283420973561
"gene_955",290.038894012601,-1.13390628142956,0.971004621411666,-1.16776610164951,0.242901125135575,0.952331951091935
"gene_956",578.781227906977,-0.27606734191496,0.660761020658893,-0.417802099826762,0.676091815503075,0.990283420973561
"gene_957",286.071952123389,-1.87536977016232,1.15094751718039,-1.6294138022528,0.103225448877374,0.811085837889928
"gene_958",409.441254947356,0.29037170832058,1.18152654693656,0.245759783454252,0.805868190526417,0.990283420973561
"gene_959",480.650242429944,0.322641487052603,0.71331085596998,0.452315402677934,0.651041781343522,0.990283420973561
"gene_960",183.447984590484,-1.21929917984748,1.02102861434193,-1.19418708028407,0.232404795762482,0.952331951091935
"gene_961",656.203000444601,-0.0139512117321436,0.439256243080022,-0.0317609867860251,0.974662658963048,0.991916096182403
"gene_962",342.596712141843,0.306263770427348,1.02099641662214,0.299965568381316,0.7642034193574,0.990283420973561
"gene_963",527.039204272689,1.11391774708753,0.791090679566958,1.40807846162123,0.159107837984224,0.852372462597692
"gene_964",319.895851834139,1.63454216269505,0.934551571923583,1.7490122662045,0.0802888991359661,0.746955282776615
"gene_965",489.626582497904,-0.468238129793182,0.799241789562498,-0.58585291198236,0.557974362999653,0.990283420973561
"gene_966",248.673394609492,-2.22898355503101,1.2433277199204,-1.79275626153796,0.0730119060111535,0.745019449093403
"gene_967",390.291384956238,0.108780814270654,1.23561976752787,0.0880374506214756,0.929846910396573,0.990283420973561
"gene_968",82.9861880360797,0.388592759271132,1.15290965065547,0.337053956526606,0.736076225914072,0.990283420973561
"gene_969",604.262673036267,-0.696387720575451,0.637021178699074,-1.09319398453536,0.274308637642027,0.965875484655024
"gene_970",298.397050761955,-1.77111166153973,1.09685616873264,-1.61471641590544,0.106372120911625,0.814442135298758
"gene_971",447.463018641604,0.0295497010156445,0.944959393764419,0.0312708685797893,0.975053522547302,0.991916096182403
"gene_972",477.903390523096,0.43394553483591,1.09993317150288,0.394519909098656,0.693197231334574,0.990283420973561
"gene_973",462.014015019816,-0.672233362801343,0.788062128802084,-0.853020768582283,0.393647787060083,0.980297576089689
"gene_974",368.162150151948,0.0809981585240486,1.15894215964783,0.0698897333656941,0.944281424735303,0.990283420973561
"gene_975",549.282555998768,0.417494274129832,0.70058648951002,0.595921103790941,0.551227934196258,0.990283420973561
"gene_976",530.909490143093,-0.208051529352673,0.603924693830846,-0.344499126261835,0.730470953009591,0.990283420973561
"gene_977",543.351399553142,0.322958508059683,0.867301122777244,0.37237183208701,0.709616023159574,0.990283420973561
"gene_978",311.226953547445,1.7189653921231,1.45164114337779,1.18415312211617,0.236352454888126,0.952331951091935
"gene_979",669.830414157687,0.418578750395969,0.451952317200145,0.926156885286204,0.354364454992039,0.980297576089689
"gene_980",251.686136833536,-0.193182734268611,1.26994289623113,-0.152119229015674,0.879092898143078,0.990283420973561
"gene_981",465.943910012721,-0.413511883275012,0.935248653368355,-0.442141115932885,0.658387093214418,0.990283420973561
"gene_982",442.337836030517,-0.488634944329541,0.857321234246431,-0.569955490206703,0.568707887181759,0.990283420973561
"gene_983",439.68042955459,-0.190411721914668,1.11836182310766,-0.170259497400903,0.864806062529002,0.990283420973561
"gene_984",254.77994282484,-1.36985037865494,1.00854450441204,-1.35824484954537,0.17438600365278,0.885208140369442
"gene_985",522.925112248592,-0.988332266098726,0.704079476784218,-1.40372258912132,0.16040147314622,0.852372462597692
"gene_986",612.359895757004,1.06645348059392,0.68460191821438,1.55777168047601,0.119287381479776,0.814442135298758
"gene_987",387.962017146847,1.12273325237704,1.06134916384829,1.05783590416765,0.290130260818787,0.980297576089689
"gene_988",290.686647547203,0.239397735737447,1.00427390442748,0.238378926985983,0.811587210220845,0.990283420973561
"gene_989",231.060179971486,-1.79154997952895,1.01216478006631,-1.77001809864554,0.0767241257863332,0.746955282776615
"gene_990",355.505161237856,0.434362244339305,0.959147357549393,0.452862890066334,0.650647474421377,0.990283420973561
"gene_991",363.096188664382,0.989912487332984,1.04478984884024,0.947475215644397,0.343396679677886,0.980297576089689
"gene_992",228.968759291227,0.729232236973907,0.913316500131302,0.798444172276609,0.424612778315521,0.987471577477955
"gene_993",621.617664150525,-0.0392255670572858,0.459195852518084,-0.0854223025800109,0.93192566306901,0.990283420973561
"gene_994",396.035183277401,1.14989865888238,1.00307254487081,1.14637636605882,0.251639457333948,0.953218358162262
"gene_995",460.042271648497,1.12641391328171,0.954149907977948,1.18054186649646,0.237784769282966,0.952331951091935
"gene_996",441.295375407159,-2.62348447629016,0.763282897255855,-3.43710632810204,0.000587964740083594,0.140361522106664
"gene_997",547.196601471783,0.706837066435219,0.635643093467286,1.11200306225241,0.266136833695264,0.953570963197974
"gene_998",411.910695381152,-0.652772591172301,1.10854187193592,-0.58885695497665,0.555957235361276,0.990283420973561
"gene_999",409.53886487527,-0.575672552985097,0.85520678856889,-0.673138427664299,0.500859228537854,0.990283420973561
"gene_1000",362.382270295509,0.961729939951055,1.0202763945777,0.942617064417257,0.345876808240133,0.980297576089689
